lat,lon,name,capacity,region_id,station_id
35.760939,139.609264,T2-54.土支田農業公園,8,9,1131
35.68991,139.69026,D6-05.新宿中央公園（水の広場）,8,5,10188
35.66249,139.741397,C2-12.六本木ファーストビル,18,3,10252
35.700241,139.734338,D2-20.VORT神楽坂Ⅰ,4,5,5337
35.699835,139.70808,D4-11.トヨタモビリティ東京 東新宿店,2,5,1997
35.678107,139.838687,H1-236.愛育メディカルセンター,10,4,4165
35.685344,139.80234,H1-187.森下文化センター,5,4,1494
35.557427,139.739126,K1-129.ローソン東糀谷一丁目店,6,7,869
35.639334,139.596687,L1-39.オダクル成城学園前第２,13,17,4471
35.676119,139.772895,B2-04.清水建設本社（都営地下鉄宝町駅 Ａ８出口）,20,2,10056
35.583425,139.716247,K1-205.アーバンリトリート 西馬込,3,7,4664
35.650948,139.799711,H1-120.豊洲5丁目,13,4,10847
35.578239,139.759175,K1-187.ＴＳＫビル,31,7,4126
35.703893,139.766866,E5-35.湯島２丁目,6,6,4204
35.623459,139.687128,J1-26.田向公園,8,12,10887
35.637089,139.740401,C4-16.THE LINKPILLAR 1 NORTH,15,3,4128
35.705018,139.706841,D5-05.中央図書館,13,5,10292
35.631289,139.711002,J1-69.東和ビルⅡ,2,12,5309
35.658351,139.818229,H1-14.ホテルリブマックス東京潮見駅前,8,4,10724
35.716499,139.694684,D7-15.ルーブル高田馬場弐番館,3,5,4666
35.655113,139.625904,L1-36.フレール西経堂,16,17,4071
35.646801,139.751208,C5-04.みなとパーク芝浦,12,3,10086
35.634,139.739389,C4-17.THE LINKPILLAR 1 SOUTH,13,3,4127
35.617172,139.795161,H1-245.東京港フェリーターミナル,17,4,4202
35.69062,139.84143,H1-241.LUMEED大島,3,4,4203
35.652478,139.734314,C2-34.仙台坂下,4,3,4072
35.686037,139.764472,A4-06.大手町ファーストスクエア,34,1,10148
35.652644,139.802092,H1-292.アイ・キャナルメイツ豊洲,6,4,5873
35.679029,139.793535,H1-131.セブン-イレブン 江東佐賀2丁目店,19,4,10904
35.632303,139.742393,C5-06.品川シーズンテラス,53,3,10135
35.706005,139.763401,E5-36.ルフォンプログレ本郷三丁目,1,6,5188
35.702299,139.768342,A3-08.神田明神（神田神社）,14,1,10020
35.712952,139.701356,D3-08.ホテルリブマックス高田馬場駅前,8,5,10726
35.70328,139.62981,O4-01.阿佐ヶ谷南公園,3,14,498
35.645838,139.647799,L1-03.世田谷城阯公園,6,17,1665
35.6931,139.80472,G6-05.aLATO錦糸町south,2,15,4609
35.593887,139.741204,I1-21.大井競馬場(正門前),39,10,10524
35.629697,139.742167,C5-01.こうなん星の公園,54,3,10078
35.624966,139.746657,C5-03.港南公園C,33,3,10085
35.630018,139.745663,C5-60.品川東急ビル,3,3,4247
35.62822,139.741135,C5-35.品川駅港南口,3,3,10970
35.647049,139.714783,M3-26.VORT恵比寿Ⅲ,3,8,3984
35.622294,139.751644,I1-08.天王洲アイル第一水辺広場,52,10,10421
35.656449,139.771302,B4-08.東京ミッドベイ勝どき（西仲通り）,17,2,10163
35.650992,139.773789,B4-43.HARUMI FLAG SUN VILLAGE,7,2,4763
35.6915,139.7621,A2-04.ちよだプラットフォームスクウェア,9,1,10011
35.619774,139.675895,J1-67.柿の木坂アベニュー,5,12,5206
35.622954,139.750593,I1-35.シーフォートスクエア,21,10,10615
35.589794,139.666955,K1-100.多摩川台公園,0,7,199
35.668224,139.732821,C3-39.赤坂レジデンシャルホテル,12,3,4430
35.664741,139.750969,C1-90.BIZCORE西新橋,10,3,3986
35.71638,139.7053,D7-18.メイクスデザイン高田馬場,3,5,5411
35.640017,139.748939,C5-58.VORT芝浦WaterFront,3,3,3985
35.646857,139.808912,H1-38.辰巳駅西口自転車駐車場,87,4,10206
35.665628,139.750766,C1-92.エステムプラザ愛宕虎ノ門レジデンス,3,3,4979
35.72458,139.82043,G2-16.レガスタ東向島,5,15,4249
35.594302,139.733533,I1-134.セントパレス南大井,4,10,4442
35.696711,139.776471,A3-49.プルータスビル1,4,1,3987
35.708265,139.751983,E1-06.文京シビックセンター,11,6,10232
35.672199,139.803232,H1-242.木場MAビル,10,4,4176
35.72653,139.80019,F3-12.レピュア南千住レジデンス,4,18,4251
35.713526,139.70115,D3-21.高田馬場,13,5,4252
35.611985,139.726749,I1-132.そよかぜ公園,4,10,4398
35.752217,139.571095,T2-28.ファミリーマート 南大泉六丁目店,9,9,10522
35.637115,139.749079,C5-66.ブランズ芝浦,6,3,5889
35.608768,139.737264,I1-135.南品川６丁目,5,10,4443
35.643239,139.709329,M3-27.VORT恵比寿Dual's,5,8,4178
35.762395,139.641522,T2-52.田柄中央児童公園,5,9,1129
35.667382,139.772609,B3-27.リパーク築地3丁目第2,24,2,4586
35.707853,139.751518,E1-04.礫川公園,37,6,10230
35.66992,139.66139,L1-48.ARKMARK代田橋,5,17,5418
35.760623,139.586922,T2-101.大泉図書館,8,9,4180
35.719421,139.725584,E2-05.護国寺駅西自転車駐車場,23,6,10238
35.743494,139.574758,T2-102.南大泉図書館,3,9,4179
35.629912,139.671038,J1-70.東が丘 - 駒沢,32,12,5343
35.65084,139.756532,C5-61.ブルーフロント芝浦タワーS,15,3,4224
35.694623,139.77433,A3-53.リパーク神田東松下町第２,28,1,4792
35.611878,139.747725,I1-34.NTT品川ビル,1,10,10595
35.657602,139.634448,L1-47.経堂赤堤通り団地,6,17,5306
35.702182,139.674851,N3-23.パークサイドレジデンス,3,13,4628
35.702304,139.768581,A3-52.ISM御茶ノ水,2,1,4793
35.623215,139.668472,J1-27.衾町公園,7,12,10888
35.691456,139.762228,A2-31.ちよだプラットフォームスクウェア（道路側）,8,1,5045
35.737901,139.611311,T2-103.南田中図書館,3,9,4184
35.622371,139.737457,I1-40.御殿山トラストタワー,52,10,10640
35.669326,139.798812,H1-217.株式会社前川製作所（東側）,8,4,3084
35.673192,139.727977,C3-42.AB赤坂ビル,13,3,4791
35.72855,139.80055,F3-10.レオーネ南千住,7,18,4226
35.664479,139.743731,C1-34.城山ガーデン,18,3,10313
35.612979,139.647472,L1-40.ARKMARK等々力,8,17,4693
35.611721,139.727126,I1-154.ロアール西品川,29,10,5422
35.72355,139.83254,G4-26.MAXIV八広,8,15,4225
35.715556,139.721988,E2-03.目白台運動公園,41,6,10236
35.666784,139.692015,M5-24.AXAS代々木公園,5,8,5423
35.759774,139.6647,T3-39.平和台図書館,3,9,4182
35.653613,139.7937,H1-243.豊洲公園,9,4,4181
35.645682,139.748768,C5-33.msb Tamachi,35,3,10884
35.585269,139.726279,K1-06.大森駅入新井自転車駐車場,1,7,10290
35.729153,139.741368,【一時休止】E4-15.千石4丁目,5,6,10734
35.682288,139.80473,H1-244.白河3丁目,16,4,4364
35.682249,139.799937,H1-246.白河1丁目　大和物産　非常階段下,2,4,4363
35.72677,139.79676,F3-11.レピュア三ノ輪レジデンス,6,18,4250
35.698045,139.642778,O4-10.OHREM新高円寺,15,14,4629
35.658011,139.727484,C2-35.VORT元麻布,3,3,4694
35.545697,139.709212,K1-208.アーバンネスト東京・仲六郷,5,7,4659
35.617808,139.780488,H1-263.テレコムセンタービル,3,4,4935
35.668419,139.724676,C3-24.SHARE GREEN 南青山 西エントランス,0,3,10610
35.619432,139.705854,I1-162.グランヴァン武蔵小山,25,10,5876
35.639132,139.793047,H1-149.有明ガーデン 公園口,20,4,126
35.656647,139.758301,C1-76.浜松町駅北口交通広場(ハマサイト前),14,3,760
35.684185,139.688948,D6-35.サンパレス西新宿,6,5,5877
35.636281,139.72283,C4-18.ジオグランデ白金台,5,3,4461
35.665093,139.775079,B3-26.三井のリパーク築地7丁目,30,2,4361
35.648596,139.824936,H1-45.夢の島競技場,18,4,10224
35.628585,139.643839,L1-37.桜新町交番前,1,17,4429
35.644134,139.723432,C4-06.白金プラチナレジデンス,19,3,10825
35.639627,139.741358,C1-97.MoN Takanawa,15,3,5652
35.622075,139.725486,I1-131.大崎5丁目児童遊園,4,10,4399
35.64981,139.774995,B4-51.HARUMI FLAG PARK VILLAGE,3,2,4764
35.61285,139.73677,I1-133.AXAS品川大井町,2,10,4469
35.698817,139.778898,A3-05.和泉公園（西側入口）,8,1,10017
35.723812,139.723753,E3-11.文京区大塚6丁目,2,6,5878
35.657571,139.817351,H1-259.潮見駅前プラザ二番街,7,4,4765
35.628938,139.63475,L1-46.サンヒルズ用賀,6,17,5038
35.640398,139.704069,J1-37.中目黒公園,21,12,146
35.68695,139.807454,G4-24.ヴェルデベント,0,15,4036
35.727639,139.578217,T2-104.エミキューブ武蔵関,15,9,4400
35.611442,139.741708,I1-153.AXAS南品川,3,10,5419
35.650699,139.829178,H1-240.夢の島熱帯植物館,10,4,4035
35.681138,139.690641,M5-23.ザ・メナーエス,21,8,4766
35.708121,139.763583,E5-01.文京総合体育館,29,6,10244
35.622415,139.724408,I1-145.都五反田ビル東館,2,10,5039
35.6931,139.7599,A2-09.テラススクエア,2,1,10038
35.712575,139.780525,F6-03.台東区役所,2,18,4037
35.62584,139.68823,J1-66.レピュア学芸大学レジデンス,8,12,4585
35.632484,139.747388,C5-62.ロイヤルパークス品川,9,3,4360
35.672481,139.835877,H1-47.トピレックプラザ,18,4,10266
35.661475,139.699296,M3-09.ティップ.クロス TOKYO 渋谷,15,8,10543
35.665214,139.757008,C1-68.桜田公園,24,3,11034
35.65989,139.71696,C3-40.VORT南青山Ⅰ,4,3,4660
35.67684,139.77876,B2-16.ホテルサードニクス東京,14,2,407
35.620699,139.730904,I1-27.小関橋公園,20,10,10569
35.665256,139.781973,B4-55.ヴィークブライト月島,1,2,4426
35.672409,139.710609,M4-18.ビラ・ローザ,7,8,4768
35.675198,139.663587,M6-03.十三号通り公園,2,8,10395
35.653531,139.769431,B4-18.豊海センタービル,15,2,10879
35.682324,139.701668,M5-27.リパーク代々木駅前,32,8,5890
35.668547,139.747175,C1-27.虎ノ門2丁目タワー,26,3,10192
35.720548,139.783104,F4-08.ディップス上野ノース,3,18,4038
35.683156,139.67338,M6-12.LIVART SEASON 幡ヶ谷,3,8,10910
35.663251,139.757235,C1-89.VORT 新橋Ⅲ,2,3,3920
35.631763,139.737935,C4-20.アベニュー高輪,8,3,5436
35.731879,139.671273,N2-12.新江古田自転車駐輪場,3,13,4041
35.673354,139.800597,H1-278.AXAS門前仲町レジデンス,4,4,5410
35.714044,139.61688,O3-07.NTT井草ビル第1ポート,5,14,736
35.731427,139.649302,T3-49.豊玉中4丁目駐車場,5,9,5655
35.71475,139.65359,N1-10.AXAS中野大和町,1,13,4472
35.665218,139.750827,C1-37.KDX西新橋ビル（北側）,4,3,10428
35.557721,139.719919,K1-245.ロアール蒲田,7,7,5838
35.651382,139.724392,C2-27.有栖川宮記念公園第一,17,3,2200
35.747776,139.648052,T3-45.ロアール練馬豊島園,13,9,5453
35.611126,139.705487,I1-146.コーナン品川旗の台店,5,10,5043
35.66495,139.750459,C1-38.KDX西新橋ビル（西側）,3,3,10429
35.675252,139.782729,B2-25.アイフェリーク八丁堀,1,2,4542
35.690434,139.828789,H1-249.AXAS-IARETH西大島,8,4,4543
35.685338,139.777825,B1-35.Daiwa terrace日本橋,0,2,5044
35.70818,139.810028,G2-24.業平1丁目,18,15,5879
35.692278,139.740643,A1-23.麹町郵便局,3,1,5891
35.619513,139.70433,I1-120.ファイブ店（エンジェルファイブ店　屋上駐輪場）,3,10,3028
35.672714,139.837914,H1-102.ファミリーマート東砂七丁目店,13,4,10711
35.580689,139.72736,K1-221.プライムネクサス大森北,8,7,5359
35.700453,139.798978,G4-06.ドムス・スタイル両国,7,15,1172
35.72727,139.79183,F4-09.レオーネ三ノ輪,3,18,4544
35.624473,139.63291,L1-49.エクセル用賀,4,17,5463
35.651979,139.808412,H1-248.STビル辰巳別館,0,4,4530
35.655865,139.730566,C2-10.元麻布三丁目,24,3,10205
35.669507,139.825553,H1-65.ローソン南砂日曹橋店,14,4,10344
35.697554,139.768533,A3-57.神田郵便局①,2,1,5892
35.586408,139.705425,K1-96.西馬込駅前自転車駐車場,14,7,11031
35.667041,139.769187,B3-28.京橋郵便局,2,2,5894
35.681399,139.666572,N4-08.中野区南台4-21-3,10,13,5211
35.67777,139.80549,H1-251.レオーネ清澄白河,15,4,4532
35.689797,139.806081,G4-28.オルエ菊川,1,15,4533
35.62257,139.699875,J1-65.目黒本町3丁目,7,12,4309
35.57474,139.68174,K1-195.AXAS鵜の木アジールコート,7,7,4308
35.579218,139.75492,K1-201.大田市場花き棟,7,7,4494
35.697375,139.768748,A3-58.神田郵便局②,9,1,5893
35.70488,139.689312,D5-12.ARKMARK東中野,6,5,4310
35.65974,139.694256,M3-25.VORT渋谷松濤residence,5,8,3919
35.7527,139.6385,T1-19.レヴィーガ練馬春日町駅前 ,7,9,4545
35.67288,139.779714,B2-24.ARKMARK八丁堀ASYLCOURT,3,2,4777
35.692997,139.780301,A3-56.千代田区東神田1-1-8,7,1,5900
35.628116,139.713149,I1-39.MID POINT 目黒不動前,4,10,10624
35.640881,139.788577,H1-247.有明親水海浜公園,21,4,4496
35.555178,139.709087,K1-207.道塚南公園,3,7,4627
35.70376,139.784373,F1-01.コンシェリア御徒町,1,18,1913
35.677782,139.776832,B2-23.八丁堀１丁目（月極駐車場裏）,19,2,4311
35.585423,139.711161,K1-202.馬込アートギャラリー,8,7,4495
35.617489,139.717475,I1-130.戸越銀座-平塚,3,10,4312
35.766565,139.66138,T3-43.ローソン練馬北町二丁目店,7,9,5378
35.642214,139.670843,L1-50.Face 三軒茶屋,7,17,5524
35.698147,139.693804,D6-38.リヴシティ新宿弐番館,2,5,5954
35.684523,139.720519,D1-03.新左門児童遊園,3,5,10180
35.559937,139.710432,K1-203.セブン-イレブン西蒲田環八通り店,6,7,4606
35.733741,139.754884,E4-19.AXAS文京本駒込,3,6,5424
35.68663,139.799529,H1-163.森下公園,3,4,702
35.647402,139.818409,H1-255.東京辰巳アイスアリーナ,6,4,4632
35.625097,139.707111,I1-150.リパーク小山台１丁目第９,21,10,5502
35.71401,139.8178,G2-17.レピュア押上レジデンス,3,15,4587
35.713885,139.79028,F2-08.アセンションアイディ浅草,5,18,4634
35.675586,139.82107,H1-256.南砂2丁目,23,4,4631
35.665379,139.795407,H1-252.東日印刷,1,4,4607
35.700699,139.832079,H1-272.リパーク亀戸5丁目,38,4,5437
35.569968,139.735946,K1-252.大田大森東3丁目,4,7,5895
35.6708,139.80452,H1-257.AXAS木場Asylcourt,5,4,4695
35.553789,139.730668,K1-204.ランドリープレス糀谷駅前店,3,7,4658
35.701761,139.798342,G4-16.ライブカーサ両国Ⅲ,3,15,2748
35.70202,139.80768,G4-30.レピュア両国レジデンス,5,15,4610
35.70103,139.803341,G4-12.プレミアムキューブ両国,6,15,1786
35.704088,139.613485,O3-13.ローソン南荻窪4丁目店,4,14,2646
35.656849,139.594422,L1-11.アイムタウン上祖師谷,5,17,1673
35.68166,139.81723,H1-253.レピュア住吉レジデンス,5,4,4608
35.52928,139.722762,Z15.ファミリーマート藤崎一丁目店,4,11,10761
35.659057,139.757334,C1-91.VORT浜松町Ⅰ,4,3,4725
35.575833,139.736846,K1-250.リヴシティ平和島,5,7,5896
35.656808,139.818196,H1-250.THE PREMIUM CUBE G 潮見,14,4,4663
35.693861,139.810389,G5-09.AXAS錦糸町,4,15,4696
35.72492,139.81611,G2-18.ARKMARK東向島AZ,1,15,4698
35.54229,139.714752,K1-223.ロアール多摩川南六郷,5,7,5452
35.693815,139.668571,N4-05.セブン-イレブン中野鍋横店,1,13,1328
35.618133,139.677102,J1-74.都立大学駅前第2,6,12,5898
35.69218,139.76919,A3-51.VORT内神田,3,1,4661
35.628404,139.679536,L1-35.ホームズ学芸大学,10,17,4039
35.574361,139.701562,K1-220.ジーベック池上Ⅲ,3,7,5341
35.692741,139.813189,G6-04.牡丹橋通り,9,15,4427
35.733427,139.654229,T3-46.AXAS練馬,10,9,5425
35.703203,139.62804,O4-08.ローソン阿佐谷青梅街道店,4,14,1814
35.590894,139.705039,K1-225.AXAS西馬込AsylCourt1,13,7,5426
35.699063,139.834412,H1-106.亀戸中央公園,8,4,10730
35.62535,139.73777,C4-19.サマセット品川東京,20,3,4665
35.700489,139.834021,H1-254.メインステージ亀戸Ⅱ,3,4,4697
35.67099,139.77793,B2-27.VORT銀座ResidenceⅡ,5,2,4662
35.569892,139.738495,K1-212.大森貴舩,10,7,5208
35.697898,139.795345,G4-04.NTTドコモ墨田ビル,20,15,910
35.627376,139.783094,H1-258.TOYOTA ARENA TOKYO,19,4,4794
35.561562,139.720581,K1-209.シー・バップ,7,7,4721
35.653568,139.755525,C1-96.プレールドゥーク浜松町　D,2,3,5460
35.71339,139.750355,E1-21.ヴェリテージ文京小石川,3,6,6051
35.709845,139.7503,E1-19.小石川２丁目,1,6,5041
35.573876,139.733586,K1-228.ジーベック平和島,8,7,5440
35.649379,139.711076,M3-28.VORT恵比寿maxim,2,8,4724
35.719356,139.764308,E5-02.不忍通りふれあい館,13,6,10245
35.70862,139.680679,N3-17.東中野3丁目,11,13,893
35.704418,139.82695,H1-261.クレヴィスタ亀戸Ⅱ,8,4,4893
35.683869,139.734759,A6-27.麹町弘済ビルディング,14,1,4925
35.609962,139.711739,I1-137.荏原中延駅前,8,10,4722
35.697074,139.677848,N3-03.青桐公園,4,13,10961
35.650306,139.589518,L1-43.NTT中央研修センタ体育館駐車場内,12,17,4895
35.590758,139.704739,K1-226.AXAS西馬込AsylCourt2,8,7,5427
35.670386,139.740757,C3-41.赤坂トラストタワー,19,3,4924
35.711403,139.700928,D3-24.パークヒルズ高田馬場,2,5,5919
35.761613,139.61349,T1-13.ファミリーマート 練馬土支田二丁目店,11,9,10694
35.650831,139.587835,L1-44.NTT中央研修センタロータリー前,24,17,4894
35.686419,139.791602,B1-39.アパホテル〈日本橋浜町南〉,6,2,5461
35.623805,139.731251,I1-136.DIKマンション五反田,12,10,4723
35.622356,139.749468,I1-54.天王洲オーシャンスクエア,65,10,10759
35.686639,139.806556,H1-274.LUMEED CUBE 菊川 PREMIUM,0,4,5438
35.662334,139.668883,L1-55.RBパーク世田谷区北沢２丁目,17,17,5899
35.579527,139.684921,K1-251.ロンシャン久が原,5,7,5897
35.682101,139.719395,D1-18.信濃町煉瓦館,8,5,4896
35.746045,139.620087,T2-25.ファミリーマート 高野台二丁目店,9,9,10499
35.573405,139.718044,K1-234.山口体験美術館,9,7,5459
35.673552,139.799022,H1-262.セブン‐イレブン江東深川２丁目店,5,4,4927
35.556003,139.739013,K1-242.ジーベック大鳥居アジールコート,3,7,5789
35.599662,139.712666,K1-235.プレスタイルアイディ馬込,4,7,5501
35.71529,139.819909,G2-19.京島1-25-6,2,15,4897
35.690669,139.782264,B1-37.日本橋３,0,2,5344
35.72424,139.61431,O1-02.井荻南地下自転車駐車場,14,14,592
35.662433,139.813231,H1-273.ヴェッセル木場南2,5,4,5414
35.570448,139.705227,K1-240.メイクス池上ルーチェ,12,7,5656
35.601789,139.695496,K1-200.D'sVARIE上池台レジデンス,6,7,4529
35.575948,139.69675,K1-241.リパーク久が原5丁目第6,48,7,5790
35.7768,139.589713,T2-105.大泉桜学園西交差点,6,9,4746
35.767388,139.587625,T2-26.ファミリーマート 大泉学園町四丁目店,9,9,10500
35.73969,139.62125,T2-34.ファミリーマート 練馬富士見台店,8,9,10695
35.54821,139.73319,K1-227.本羽田２−５−６ ガレージ内,5,7,5439
35.764203,139.669109,T3-40.匯金・上板橋ビル1,2,9,4968
35.640741,139.601493,L1-38.オダクル成城学園前第１,9,17,4470
35.60242,139.686417,K1-244.大田南千束第1,6,7,5791
35.764096,139.668927,T3-41.匯金・上板橋ビル2,3,9,4969
35.546812,139.70416,K1-243.第1西六貸駐輪場（西3-16）,66,7,5792
35.705154,139.697562,D5-10.桜美林大学 新宿キャンパス,9,5,10811
35.708221,139.654106,O5-12.匯金・高円寺ビル,5,14,4967
35.699173,139.772629,A3-28.秋葉原駅電気街口(西側交通広場),5,1,10303
35.596263,139.686505,K1-218.雪ヶ谷八幡神社,4,7,5308
35.622588,139.716159,I1-61.五反田文化センター,7,10,10786
35.690154,139.786284,B1-41.日本橋浜町1丁目,0,2,5795
35.575629,139.693663,K1-217.グランデ ナイン,9,7,5304
35.625013,139.73111,I1-142.PREMIUM CUBE 品川大崎2,3,10,4971
35.69392,139.672904,N3-24.ガリシア中野新橋,2,13,4691
35.57448,139.682355,K1-255.ローソン鵜の木一丁目店,2,7,5942
35.694628,139.748225,A1-22.九段坂公園,7,1,4982
35.67726,139.676267,M6-22.ヴォーガコルテ幡ヶ谷,5,8,4972
35.616273,139.712292,I1-160.戸越銀座第 1 駐車場,17,10,5824
35.712285,139.745249,E1-20.小石川３丁目,39,6,5338
35.67105,139.61832,L1-45.ARKMARK八幡山,5,17,4975
35.544715,139.707623,K1-27.六郷文化センター,7,7,10432
35.71724,139.74289,E1-15.播磨坂事業所,3,6,10550
35.665124,139.754054,C1-46.新虎通りCORE,16,3,10608
35.609166,139.705342,I1-143.AXAS旗の台,3,10,4978
35.691954,139.836462,H1-180.シティコート大島,4,4,1298
35.653222,139.81181,H1-266.ポルシェサービスセンター東京ベイ辰巳,0,4,5040
35.658665,139.782553,B4-03.桜の散歩道（晴海トリトンスクエア前）,60,2,10060
35.69591,139.8303,H1-265.AXAS東京EAST,0,4,4976
35.5677,139.72702,K1-211.ARKMARK梅屋敷ASYLCOURT,7,7,4974
35.61414,139.664311,J1-68.チェスナットヒルズ,1,12,5305
35.712861,139.65352,N1-11.矢﨑歯科医院,2,13,5959
35.573882,139.733175,K1-233.大森向陽ハイツ,5,7,5462
35.574807,139.733292,K1-236.ジーベック大森ウエスト,5,7,5500
35.729075,139.736456,E4-17.RBパーク千石3丁目,21,6,4692
35.564437,139.707682,K1-249.コインパーク東矢口第1駐車場,2,7,5872
35.61884,139.70112,I1-144.AXAS武蔵小山ASYLCOURT,7,10,4977
35.682919,139.683501,M6-19.D'sVARIE初台ビル,8,8,3079
35.720903,139.692267,D7-16.ARKMARK新宿下落合,6,5,4973
35.682946,139.7389,A6-28.VORT麹町Ⅱ,4,1,5084
35.625099,139.731098,I1-141.PREMIUM CUBE 品川大崎1,3,10,4970
35.543639,139.713047,K1-213.六郷神社　正門前,9,7,5236
35.68571,139.717174,D1-20.まいばすけっと新宿大京町店横,6,5,5825
35.688876,139.685077,D6-34.AXAS西新宿,1,5,5316
35.715003,139.703429,D7-17.名校教育グループ高田馬場校舎　下落合1-1-1,3,5,5187
35.585257,139.675317,K1-210.東京都大田区田園調布本町19-2,20,7,4934
35.58469,139.710088,K1-155.ハイタウン南馬込,6,7,2827
35.683041,139.814119,H1-270.メイクスデザイン住吉アジールコート,3,4,5339
35.601694,139.719778,I1-86.ファミリーマート二葉三丁目店,0,10,10968
35.630471,139.793038,H1-264.東京ビッグサイト第2,7,4,4936
35.543396,139.713036,K1-214.六郷神社　駐車場,12,7,5237
35.669606,139.812447,H1-269.サンヤマトパーキング,14,4,5319
35.699187,139.746348,A1-05.富士見出張所,6,1,10005
35.691982,139.718227,D4-15.富久町,6,5,5361
35.707302,139.699484,D5-13.百人町３丁目,5,5,5360
35.587815,139.691748,K1-36.セブン-イレブン 大田区南雪谷5丁目店,3,7,10476
35.55017,139.728146,K1-29.萩中文化センター,9,7,10450
35.70047,139.810224,G2-21.クレヴィスタ錦糸町A,5,15,5320
35.674515,139.774664,B2-28.八丁堀センタービル,29,2,5794
35.669582,139.812965,H1-267.東陽3丁目駐輪場,20,4,5362
35.583353,139.682594,K1-206.東嶺町,7,7,4745
35.558916,139.717253,K1-38.ネクストサイト蒲田ビル,8,7,10488
35.653433,139.755552,C1-93.プレールドゥーク浜松町　A,3,3,5404
35.624566,139.72448,I1-70.五反田リバーステーション,4,10,10883
35.592801,139.715472,K1-45.たぬき山公園,20,7,10521
35.700495,139.81035,G2-22.クレヴィスタ錦糸町B,2,15,5321
35.721229,139.731465,E3-10.大塚とう道基地,8,6,5441
35.629921,139.707234,J1-71.下目黒4丁目3－1駐車場,5,12,5540
35.681912,139.785168,B1-38.ラヴェンナ日本橋,10,2,5363
35.678873,139.809968,H1-271.シャルール木場公園,1,4,5364
35.580511,139.775957,K1-68.ART FACTORY 城南島,13,7,10714
35.621483,139.721111,I1-152.モントーレ五反田,3,10,5342
35.669941,139.749261,C1-64.東京虎ノ門グローバルスクエア,4,3,10950
35.653558,139.755605,C1-95.プレールドゥーク浜松町　C,3,3,5406
35.704554,139.770117,A3-54.外神田6丁目,63,1,5413
35.656434,139.805759,H1-282.コンフォリア・リヴ豊洲キャナル,0,4,5541
35.653463,139.755446,C1-94.プレールドゥーク浜松町　B,2,3,5405
35.576344,139.701731,K1-230.メイクスデザイン池上アジールコート A,1,7,5401
35.6671,139.705085,M3-30.COINPARK 神宮前6丁目第3駐車場,23,8,5412
35.589309,139.678587,K1-53.セブン-イレブン 田園調布郵便局前店,19,7,10605
35.544096,139.71192,K1-215.六郷神社　西参道,6,7,5238
35.676719,139.780505,B2-30.コーラルレジデンス東京,5,2,5928
35.702276,139.726621,D3-25.公益財団法人神経研究所ビル,3,5,5941
35.587423,139.753871,K1-74.大田スタジアム,26,7,10818
35.698956,139.649504,O5-13.AXAS新高円寺Sta.,3,14,5421
35.657341,139.809106,H1-279.ベイフレール枝川,3,4,5542
35.714473,139.676016,N3-27.日本基督教団聖書之友教会,6,13,5929
35.579849,139.731241,K1-80.大森北6丁目,4,7,10902
35.61389,139.704542,I1-155.荏原５丁目 D’S FACTORY ポート,13,10,5543
35.5873,139.701644,K1-90.ファミリーマート大田仲池上一丁目店,4,7,11002
35.571759,139.710321,K1-253.メイクスデザイン蒲田ウエスト 駐輪場入口 ,2,7,5911
35.683961,139.821559,H1-42.江東区スポーツ会館,10,4,10213
35.638904,139.712518,J1-54.田道住区センター三田分室,4,12,903
35.662686,139.77906,B4-56.グランドシティタワー月島,11,2,5944
35.708115,139.729056,D3-23.RBパーク新宿区山吹町,39,5,5042
35.542784,139.709874,K1-222.innoba大田,28,7,5377
35.571828,139.710213,K1-254.メイクスデザイン蒲田ウエスト 駐輪場,4,7,5912
35.752907,139.642432,T3-47.セブン‐イレブン練馬春日町４丁目店,6,9,5526
35.734289,139.627182,T2-106.ローソン練馬富士見台店,1,9,5810
35.611085,139.68599,K1-83.北千束北児童公園,10,7,10931
35.736594,139.649558,T3-50.ローソン練馬豊玉北六丁目店,11,9,5809
35.602426,139.741734,I1-164.リパーク東大井2丁目第2,30,10,5913
35.579917,139.735046,K1-198.エルメゾン大森,6,7,4441
35.713568,139.789694,F2-09.浅草の花,16,18,5914
35.601431,139.718659,I1-78.セブン-イレブン西大井店,6,10,10927
35.736925,139.655451,T3-42.ローソン豊玉北五丁目店,8,9,5379
35.590957,139.710513,K1-197.長遠寺バス停前,3,7,4428
35.669744,139.842081,H1-280.広和自動車,12,4,5523
35.721791,139.803887,F3-05.フォースター浅草今戸,6,18,2647
35.69576,139.809606,G5-10.VORT錦糸町,1,15,5207
35.694164,139.787057,B1-04.産業会館,3,2,10050
35.679611,139.66275,N4-09.中野区南台5-15-23,9,13,5525
35.574886,139.733404,K1-199.ジーベック平和島Ⅱ,4,7,4531
35.615696,139.699551,I1-138.アイディ西小山,0,10,4981
35.732157,139.641147,T3-44.ローソン練馬中村三丁目店,11,9,5380
35.583273,139.729296,K1-238.大森北４丁目,19,7,5522
35.644031,139.752746,C5-64.COAST芝浦,3,3,5811
35.550928,139.721861,K1-224.大田区南六郷1-4-7,10,7,5376
35.686649,139.689821,D6-04.新宿中央公園（ちびっこ広場）,9,5,10187
35.669956,139.779443,B2-29.エルレナート新富,2,2,5915
35.69566,139.79214,G4-01.両国ビューホテル1,7,15,916
35.734912,139.667323,T3-51.アクサス新江古田,2,9,5930
35.570627,139.716929,K1-196.ガーデン蒲田,10,7,4395
35.58142,139.72203,K1-194.ウィスティリア大森山王,2,7,4222
35.548864,139.74484,K1-93.六間堀仲羽公園,6,7,11015
35.723124,139.757572,E4-18.リオン工芸駐車場,7,6,4983
35.688735,139.692249,D6-29.都庁第二本庁舎前,14,5,458
35.702573,139.686783,N3-26.ARKMARK中野坂上,9,13,5420
35.703844,139.778432,F1-08.アイル秋葉原NORTH弐番館,5,18,4984
35.699375,139.681635,N3-25.メゾン中野坂上,4,13,5345
35.703448,139.721736,D3-22.感通寺01,3,5,4986
35.657154,139.793505,H1-268.豊洲セイルパーク,19,4,5209
35.614038,139.720311,I1-140.戸越八幡神社,11,10,4985
35.585578,139.701976,K1-193.アイディ西馬込,2,7,4164
35.698588,139.792946,G4-05.両国駅西口臨時自転車駐車場,19,15,914
35.683888,139.790867,B1-42.日本橋アムフラット,2,2,5917
35.702525,139.796632,G4-03.本所1-6-5,8,15,915
35.684505,139.836034,H1-293.北砂５丁目,19,4,5916
35.57667,139.67511,K1-191.LUMEED AXAS鵜の木2,3,7,4201
35.57666,139.6752,K1-190.LUMEED AXAS鵜の木1,8,7,4200
35.572086,139.68708,K1-89.ファミリーマート大田千鳥三丁目店,1,7,11001
35.564957,139.746994,K1-183.東京労災病院（駐輪場）,22,7,4221
35.703151,139.66945,N3-28.PREMIUM CUBE 中野,4,13,5931
35.658712,139.791424,H1-294.アーバンドックパークシティ豊洲,7,4,5918
35.70861,139.75768,E5-09.文京区 男女平等センター,15,6,10483
35.556231,139.751408,K1-75.三井不動産インダストリアルパーク羽田,20,7,10844
35.760793,139.575386,T2-107.セブン‐イレブン練馬西大泉４丁目店,5,9,6052
35.540149,139.708249,K1-216.止め天神,15,7,5239
35.703972,139.797327,G4-11.ホテルマイステイズ浅草,22,15,1765
35.546896,139.749087,K1-184.羽田BASE,4,7,3983
35.69955,139.803204,G4-07.ディアレイシャス両国,4,15,1308
35.715097,139.831332,G4-27.ゴルフクラブイースタン,14,15,4248
35.718099,139.817627,G2-11.若草不動産販売裏,1,15,2900
35.690331,139.784909,B1-31.久松歩道橋,5,2,3476
35.579799,139.735487,K1-192.プレールアイディ大森Ⅱ,2,7,4163
35.553412,139.724074,K1-188.AXAS南蒲田AsylCourt,13,7,4199
35.560786,139.699666,K1-185.ガリシア矢口渡,5,7,4070
35.699689,139.726527,D2-19.ベウラ柳町,9,5,4987
35.696492,139.791591,G4-13. Parking in 両国駅前第2,3,15,1839
35.718938,139.609547,O1-06.ローソン杉並今川二丁目店,3,14,5212
35.597261,139.711855,K1-189.東京イン,7,7,4223
35.684304,139.78515,B1-32.タカオビル,14,2,3787
35.70378,139.814298,G5-02.横川3-7-10,37,15,913
35.723536,139.778212,F4-10.根岸2-14-1,7,18,4988
35.714238,139.810946,G2-12.OSHIAGE墨邸,3,15,2978
35.547688,139.727847,K1-170.セブン-イレブン 大田区本羽田１丁目店,4,7,3435
35.609741,139.710097,I1-147.中延2丁目,49,10,5240
35.678246,139.837161,H1-289.北砂7丁目団地　第4,8,4,5764
35.706129,139.801394,G4-14.イルニード,9,15,2432
35.678653,139.837145,H1-290.北砂7丁目団地　第5,7,4,5765
35.706118,139.798187,G4-15.グランツスエヒロ,6,15,2585
35.604567,139.689096,K1-142.コーラル洗足池,4,7,1629
35.643202,139.746244,C5-09.グランパーク,24,3,10156
35.710705,139.801124,G4-18.庁舎うるおい広場,6,15,2820
35.698272,139.693918,D6-37.リヴシティ新宿壱番館(2),11,5,5952
35.719143,139.814389,G2-20.東向島1丁目,7,15,5210
35.706165,139.797513,G4-29.ブライズ浅草,3,15,4633
35.548104,139.748889,K1-139.プラットホステル京急 羽田ホーム,10,7,1346
35.567146,139.693344,K1-131.東急武蔵新田駅駐輪場,14,7,978
35.700463,139.804022,G4-31.石原3丁目,22,15,5307
35.577794,139.660751,K1-123.東急新丸子駅（東）駐輪場,15,7,645
35.715352,139.808617,G2-23.悠Oshiage,8,15,5498
35.686334,139.692881,D6-27.新宿三井ビルディング二号館,17,5,10972
35.570508,139.764013,K1-67.京浜島防災広場,35,7,10713
35.698061,139.693989,D6-36.リヴシティ新宿壱番館(1),7,5,5953
35.59355,139.711786,K1-237.ヴォーガコルテ馬込アジールコート,4,7,5521
35.619451,139.834429,H1-95.若洲公園,24,4,10703
35.715073,139.681463,D7-20.ユニマットパーキング中井2丁目,20,5,5955
35.658197,139.817992,H1-288.JR潮見駅高架下,33,4,5761
35.568722,139.680736,K1-114.下丸子公園,6,7,301
35.69728,139.802371,G4-33.亀沢2丁目,10,15,5874
35.587238,139.691612,K1-256.ローソン久が原一丁目店,4,7,5943
35.695307,139.800354,G6-06.プレミアステージ両国,1,15,5796
35.669797,139.778387,B2-26.VORT新富町,1,2,4630
35.700379,139.796104,G4-25.パークブルーム両国,9,15,4177
35.635074,139.715591,I1-151.目黒駅前,70,10,5318
35.570763,139.705895,K1-09.セブン‐イレブン 大田区西蒲田２丁目店,15,7,10314
35.704911,139.800538,G4-23.東京都墨田区本所2丁目17-4,4,15,3542
35.557999,139.732564,K1-108.仲江名公園,3,7,270
35.716062,139.799552,F2-02.アップルパーク浅草6丁目第3,2,18,1915
35.669228,139.751668,C1-67.京阪神 虎ノ門ビル,36,3,11000
35.690867,139.801961,G4-34.AXASFORT両国立川,1,15,5945
35.581798,139.695222,K1-117.安詳寺,0,7,375
35.559647,139.730098,K1-10.セブン‐イレブン 大田区西糀谷１丁目店,10,7,10315
35.58223,139.72763,K1-119.シーンズ大森パークサイド,4,7,453
35.69721,139.79915,G4-22.エステムプラザ両国北斎通り,6,15,3457
35.592684,139.679756,K1-261.セリゼ雪が谷,10,7,6108
35.698889,139.707497,D5-14.アクサス東新宿アジールコート,16,5,5823
35.658636,139.774251,B4-57.フォアフロントタワー,10,2,6109
35.579049,139.739878,K1-02.平和の森公園,11,7,10286
35.717241,139.801674,F2-04.コンフォラス浅草マンション,2,18,1944
35.714165,139.799027,F2-07.台東区民会館・東京都立産業貿易センター台東館,7,18,3673
35.549577,139.730365,K1-263.メイクスデザイン糀谷アジールコート,3,7,6112
35.667652,139.811944,H1-285.ISビル,11,4,5701
35.576374,139.701507,K1-231.メイクスデザイン池上アジールコート B,2,7,5402
35.688038,139.786561,B1-08.明治座,12,2,10064
35.679435,139.72218,D1-22.ヴェローナ信濃町ルッソ（１）,2,5,6110
35.649289,139.80117,H1-275.ル・リオン豊洲ウォーターフロント　A,1,4,5407
35.692455,139.773642,A3-59.英ビル,3,1,5957
35.669695,139.831874,H1-99.南砂三丁目公園,49,4,10707
35.649192,139.801171,H1-276.ル・リオン豊洲ウォーターフロント　B,2,4,5408
35.715806,139.728321,E2-15.音羽パークロード (音羽1丁目),3,6,5958
35.578611,139.730066,K1-262.大田区こども未来総合センター,5,7,6111
35.693091,139.786238,B1-34.エピック東日本橋レジデンス,0,2,4362
35.694219,139.777253,A3-55.シティインデックス千代田岩本町,6,1,5704
35.684259,139.790814,B1-40.あやめ第一公園駐車場,5,2,5703
35.672586,139.802387,H1-286.富岡駐車場,5,4,5702
35.735036,139.75353,E4-20.本駒込５,18,6,5657
35.664869,139.719878,C3-43.ユニマットパーキング南青山4丁目第1,6,3,5956
35.762794,139.668163,T3-35.田柄川緑道(錦1-40),4,9,2720
35.683457,139.691312,M5-26.代々木西参道自動二輪駐車場,10,8,5705
35.600768,139.695678,K1-264.ガイア上池台,6,7,6113
35.69195,139.78532,B1-36.リパーク東日本橋2丁目第3,40,2,5317
35.717571,139.804216,F3-02.台東区リバーサイドスポーツセンター,5,18,1921
35.576377,139.701565,K1-232.メイクスデザイン池上アジールコート C,6,7,5403
35.526364,139.741706,Z27.ハイムスイート川崎小島新田,7,11,5480
35.649192,139.80104,H1-277.ル・リオン豊洲ウォーターフロント　C,24,4,5409
35.662326,139.75125,C1-98.御成門郵船ビルディング,8,3,5706
35.76525,139.575978,T2-69.久保新田さくら公園,4,9,1499
35.550027,139.74973,K1-91.穴守稲荷神社,19,7,11003
35.629987,139.787903,H1-287.東京ドリームパーク,6,4,5707
35.667497,139.629179,L1-53.京王桜上水駐輪場A,22,17,5709
35.649274,139.792213,H1-68.芝浦工業大学附属中学高等学校,5,4,10406
35.66774,139.62922,L1-54.京王桜上水駐輪場B,24,17,5710
35.680711,139.838414,H1-297.サワイメディカルクリニック（南側）,3,4,6116
35.618592,139.697415,J1-73.ガリシアレジデンス目黒本町,2,12,5708
35.680771,139.838547,H1-296.サワイメディカルクリニック（正面）,3,4,6115
35.606318,139.672421,L1-56.リパーク奥沢２丁目第３,27,17,6114
35.653771,139.769295,B4-23.交通広場（豊海町）,1,2,237
35.659177,139.719209,C2-33.パークウェルステイト西麻布,8,3,3372
35.682332,139.78722,B1-15.ロイヤルパークホテル,5,2,10226
35.650732,139.72256,C2-19.広尾駅,13,3,10800
35.57362,139.719151,K1-219.ハイマート富士,9,7,5340
35.719958,139.785319,F4-12.エルニシア上野northeast,6,18,5979
35.654009,139.692727,J1-56.青葉台四丁目街かど公園,7,12,904
35.756436,139.648977,T1-20.ローソン練馬春日町二丁目店,11,9,5981
35.564434,139.731776,K1-257.セブン‐イレブン大田区大森中３丁目店,5,7,5982
35.634194,139.688833,J1-31.守屋図書館,22,12,10983
35.621392,139.71842,I1-165.apollostation 西五反田SS,3,10,5984
35.620532,139.744029,I1-159.リパーク東品川1丁目第6,28,10,5983
35.668203,139.677658,M5-28.PREMIUM CUBE 代々木上原,5,8,5980
35.659125,139.831666,H1-295.新砂運動場,10,4,5986
35.632191,139.725002,I1-48.NTT 東日本 関東病院(北側),7,10,10742
35.711631,139.718959,D3-27.メイクスデザイン早稲田　駐輪場,6,5,5988
35.711698,139.718831,D3-26.メイクスデザイン早稲田　駐輪場入口,3,5,5987
35.691031,139.727203,D1-21.VORT四谷坂町,14,5,5985
35.608074,139.731728,I1-156.OIMACHI TRACKS,4,10,5654
35.64372,139.68777,J1-48.グランドエクセル祐天寺,7,12,618
35.65189,139.77941,B4-54.晴海区民センター,22,2,2747
35.637362,139.740517,C4-21.THE LINKPILLAR 2,16,3,5653
35.674929,139.736053,C3-22.OMO3東京赤坂 by 星野リゾート,5,3,10552
35.668795,139.784784,B4-10.リバーシティ,1,2,10327
35.611345,139.727031,I1-158.ロアール西品川2,3,10,5837
35.690038,139.833252,H1-185.UR大島六丁目団地(第二),6,4,1476
35.571318,139.689133,K1-246メイクスデザイン千鳥町アジールコートエントランス,3,7,5855
35.683206,139.814111,H1-291.メイクスデザイン住吉アジールコート 駐輪場,13,4,5861
35.571406,139.689167,K1-247.メイクスデザイン千鳥町アジールコート 駐輪場,10,7,5856
35.629544,139.730991,I1-163.エルフラット高輪台,1,10,5860
35.712413,139.70168,D3-14.コーシャハイム高田馬場,5,5,318
35.696207,139.700521,D6-31.東急歌舞伎町タワー駐輪場,8,5,1526
35.632619,139.749621,C5-65.セレーノ品川,14,3,5858
35.656071,139.780068,B4-01.黎明橋公園（駐輪場）,3,2,10059
35.61678,139.729708,I1-161.大崎ウィズシティ,4,10,5857
35.569764,139.697943,K1-248.メイクス池上トレフォイル,4,7,5854
35.721821,139.788968,F4-11.L-Flat 入谷,2,18,5859
35.67235,139.803515,H1-284.木場（３）駐車場-②,5,4,5564
35.675398,139.779962,B2-20.SHビル,3,2,1722
35.55656,139.718753,K1-239.グランデーム蒲田本町2丁目,8,7,5562
35.658141,139.807419,H1-281.枝川第1駐車場,17,4,5544
35.690267,139.8031,G4-32.菊川1丁目,44,15,5862
35.650472,139.687198,J1-72.オーパス目黒大橋駐車場,4,12,5557
35.66563,139.668528,L1-51.サニーコート,2,17,5558
35.624282,139.636097,L1-52.用賀二丁目駐車場,6,17,5565
35.651718,139.728165,C2-13.麻布運動場,6,3,10351
35.683651,139.690319,M5-25.代々木四丁目駐車場,2,8,5559
35.694679,139.779504,A3-44.THE WAVES AKIHABARA,2,1,11026
35.679866,139.719938,D1-19.信濃町駅前駐車場,4,5,5560
35.706024,139.74098,D2-21.ザ・ポータル飯田橋,16,5,5561
35.716404,139.705438,D7-19.メイクスデザイン高田馬場　建物内,4,5,5863
35.737111,139.661263,T3-36.中新井公園,4,9,2751
35.672616,139.803523,H1-283.木場（３）駐車場-①,10,4,5563
35.731551,139.6494,T3-48.メゾンK,12,9,5566
35.713145,139.723342,E2-14.永青文庫 ミュージアム,5,6,2104
35.63756,139.724981,C4-02.白金台いきいきプラザ,4,3,10211
35.632689,139.654804,L1-09.コージーK・駒沢,9,17,1671
35.627087,139.779779,H1-08.東京テレポート駅,20,4,10099
35.596067,139.74119,I1-12.しながわ区民公園（北側）,1,10,10464
35.717877,139.654732,N2-05.野方3丁目,13,13,10986
35.731186,139.817815,G1-06.墨田２,16,15,6033
35.58991,139.706418,K1-258.西馬込１丁目,41,7,6035
35.580732,139.73499,K1-259.ハウスシゲ,7,7,6034
35.649854,139.77334,B4-41.HARUMI FLAG SUN VILLAGE,8,2,2288
35.64524,139.71946,M2-01.恵比寿保健相談所（恵比寿社会教育館）,1,8,10377
35.703213,139.806496,G4-35.A-3541　COIN PARK 本所4丁目,7,15,6032
35.644241,139.753834,C5-42.DHC芝浦2丁目ビル,6,3,398
35.638985,139.793653,H1-137.住友不動産ショッピングシティ有明ガーデン,25,4,10943
35.658249,139.815775,H1-48.セブン-イレブン 江東潮見２丁目店,6,4,10271
35.69474,139.77929,A3-43.unito CHIYODA,2,1,10949
35.648085,139.798986,H1-23.KDX豊洲グランスクエア,54,4,10114
35.646366,139.801492,H1-113.123+N東雲店,6,4,10794
35.68179,139.641155,O7-11.和田堀公園プール,5,14,2977
35.652151,139.698426,M2-11.鉢山町,16,8,784
35.634441,139.687186,J1-44.五本木2丁目,4,12,487
35.67064,139.728166,C3-06.ホテルアジア会館,14,3,10152
35.633908,139.793322,H1-160.花の広場,32,4,10095
35.733292,139.630369,N1-07.プランドール上鷺宮,7,13,726
35.694951,139.708219,D6-26.セブン-イレブン新宿６丁目文化センター通り店,14,5,10956
35.69441,139.777715,A3-24.岩本町ほほえみプラザ,1,1,10175
35.709777,139.810189,G2-01.東京ソラマチ,7,15,909
35.622389,139.721552,I1-103.五反田ＪＰビルディング,5,10,2252
35.581832,139.741581,K1-05.平和島公園プール,18,7,10289
35.679182,139.68596,M5-18.Luxe初台,4,8,777
35.605391,139.699328,I1-117.クレイシア旗の台,2,10,2915
35.596854,139.712139,K1-107.馬込駅A2出口,13,7,269
35.595873,139.75134,I1-92.中央海浜公園前交差点（北側）,1,10,566
35.677576,139.769822,B2-11.京橋エドグラン,45,2,10216
35.680137,139.832107,H1-54.砂町文化センター,10,4,10293
35.698338,139.754876,A2-03.西神田公園（西側）,7,1,10010
35.674199,139.822018,H1-144.南砂住宅,1,4,11011
35.697143,139.718739,D4-06.グリーンフォート河田,3,5,10988
35.687837,139.79654,H1-173.森下駅前,9,4,906
35.715538,139.701683,D7-12.プラウド高田馬場,0,5,371
35.693624,139.753758,A1-01.千代田区役所,6,1,10001
35.733432,139.671241,N2-10.関根ビル,4,13,892
35.69766,139.843408,H1-67.セブン-イレブン 江東亀戸9丁目店,13,4,10354
35.676643,139.816054,H1-130.トヨタモビリティ東京 深川店,6,4,10903
35.714875,139.76394,E5-27.真正館駐車場,5,6,10976
35.672877,139.842339,H1-171.LOGI’Q南砂町,8,4,894
35.693976,139.706134,D6-02.新宿区役所第二分庁舎,32,5,10185
35.559286,139.722611,K1-127.第二石井ビル,2,7,705
35.630961,139.746875,C5-46.フロンティアレジデンスザタワー品川,1,3,707
35.679192,139.74019,A6-25.麹町仮住宅,3,1,11036
35.69342,139.710568,D6-12.東京ビジネスホテル,3,5,10202
35.694201,139.707047,D6-10.ホテルサンライト新宿,2,5,10200
35.633742,139.748281,C5-12.第2東運ビル,7,3,10191
35.627948,139.609723,L1-21.大蔵5丁目,14,17,3454
35.648948,139.757895,C5-27.プレミア海岸ビル,18,3,10576
35.66088,139.654546,L1-01.羽根木公園,14,17,1663
35.693234,139.779702,A3-22.龍閑児童公園,8,1,10173
35.716265,139.618954,O3-10.メゾンパークス,8,14,739
35.684451,139.702884,M4-03.NTTドコモ代々木ビル,10,8,10387
35.640641,139.802961,H1-219.東雲駅北,21,4,3322
35.632129,139.658264,L1-25.ハイタウン駒沢公園NO.2A,2,17,3049
35.633133,139.777315,C5-50.お台場レインボー公園,15,3,1566
35.619377,139.777582,H1-20.日本科学未来館,48,4,10111
35.687435,139.71417,D1-02.四谷特別出張所（新宿御苑大木戸門前）,20,5,10179
35.714151,139.61693,O3-09.NTT井草ビル第3ポート,7,14,738
35.642771,139.733046,C4-15.クロスレジデンス白金高輪,10,3,1355
35.689131,139.733071,A6-13.番町会館,6,1,10426
35.599329,139.703343,K1-106.ファミリーマート上池台夫婦坂店,10,7,246
35.606667,139.667324,J1-57.トレインチ自由が丘,3,12,1107
35.674788,139.731423,C3-02.赤坂地区総合支所,10,3,10127
35.724972,139.798671,F3-08.メイクス浅草EAST,7,18,3135
35.715645,139.687486,D7-03.中井駅北,24,5,10348
35.62413,139.744831,C5-47.oak港南品川,24,3,972
35.65506,139.69384,M3-07.渋谷ファーストプレイス,1,8,10493
35.700685,139.757391,A2-30.VORT 水道橋Ⅲ,2,1,3921
35.711324,139.711976,D3-15.カースルいずみ,24,5,973
35.648021,139.606529,L1-07.NTT成城ビル,3,17,1669
35.721827,139.635949,N1-03.鷺宮南駐輪場,11,13,11028
35.647075,139.654472,L1-02.若林公園,7,17,1664
35.700703,139.639985,O4-05.阿佐ヶ谷南1-30,3,14,873
35.642764,139.741174,C4-10.亀塚公園,7,3,10989
35.724988,139.672511,N2-02.江古田1丁目A,3,13,10974
35.687786,139.78205,B1-12.ファミリーマート堀留町二丁目店,2,2,10123
35.701318,139.825916,H1-165.亀戸梅屋敷,10,4,730
35.66288,139.78329,B4-24.ミュプレ月島,8,2,635
35.655937,139.763251,C1-58.ウォーターズ竹芝,1,3,10948
35.714077,139.61694,O3-08.NTT井草ビル第２ポート,3,14,737
35.634316,139.793199,H1-123.ダブルツリーbyヒルトン東京有明,35,4,10860
35.664457,139.767214,B3-06.朝日新聞東京本社,32,2,10169
35.668791,139.753582,C1-02.西新橋1丁目（外堀通り）,8,3,10070
35.693492,139.81506,G5-03.京成リッチモンドホテル東京錦糸町,4,15,1945
35.544534,139.763244,K1-138.羽田エアポートガーデン,8,7,1299
35.7266,139.62948,N1-05.大野ハイツ,5,13,535
35.600161,139.749902,I1-83.かもめ歩道橋,0,10,10939
35.589012,139.697889,K1-181.クレヴィアリグゼ西馬込,9,7,3918
35.600931,139.753948,I1-107.八潮公園第三,19,10,2644
35.702271,139.752619,A2-24.水道橋駅西口前,5,1,11016
35.650845,139.748346,C1-59.セレスティン芝三井ビルディング,9,3,10942
35.756846,139.652154,T3-02.早宮第二自転車駐車場,11,9,687
35.68744,139.827075,H1-147.大島四丁目団地,20,4,124
35.63725,139.75276,C5-59.エスリード芝浦ベイサイド ,4,3,3940
35.725818,139.678976,D7-05.西落合図書館,0,5,10477
35.584914,139.730504,K1-143.大森北1丁目,60,7,1680
35.712179,139.65603,N2-03.野方1丁目,4,13,10975
35.62541,139.718135,I1-45.セブン-イレブン品川西五反田3丁目店,5,10,10669
35.608127,139.717865,I1-81.戸越6丁目,15,10,10937
35.621845,139.776833,H1-158.東京国際交流館,7,4,11007
35.653159,139.744673,C1-24.三田国際ビル,6,3,10151
35.665288,139.824294,H1-196.フットサルクラブ東京東陽町,3,4,1943
35.581752,139.748705,K1-39.東京モノレール 流通センター駅前,25,7,10489
35.713562,139.649075,N1-06.大和区民活動センター,5,13,539
35.695904,139.812133,G5-05.江東橋二丁目緑地広場,3,15,2816
35.632164,139.658199,L1-27.ハイタウン駒沢公園NO.2B,2,17,3050
35.655102,139.805205,H1-90.富士倉庫運輸(株) FACE-1前,4,4,10646
35.636978,139.791858,H1-150.ホテルヴィラフォンテーヌ南側,8,4,127
35.648008,139.803487,H1-109.Brillia ist 東雲キャナルコート東側,0,4,10733
35.67518,139.77364,B2-17.アーバネックス八丁堀,2,2,480
35.695819,139.674326,N4-06.ローソン中野本町新橋通り店,0,13,1374
35.660402,139.592169,L1-28.上祖師谷７丁目用地-2,9,17,3455
35.697158,139.707887,D6-08.新宿イーストサイドスクエア,7,5,10190
35.732872,139.816274,G1-05.ブライズフォルム墨田,7,15,3093
35.710323,139.815215,G2-03.押上１丁目２６-４,5,15,974
35.625029,139.777344,H1-10.出会い橋,12,4,10101
35.571866,139.703214,K1-125.池上駅南口第1,2,7,377
35.571815,139.702387,K1-126.池上駅南口第2,2,7,378
35.653382,139.721059,M2-04.広尾東公園,6,8,10380
35.740378,139.667502,T3-03.新桜台駅自転車駐車場,7,9,688
35.686474,139.671383,N4-02.栄町公園,2,13,10965
35.654757,139.761516,C1-65.東京ポートシティ竹芝,47,3,10981
35.711501,139.672761,N3-11.上高田区民活動センター,5,13,537
35.668622,139.715957,C3-34.3rd MINAMI AOYAMA,5,3,1386
35.549568,139.731093,K1-81.コーナン本羽田萩中店,18,7,10929
35.690897,139.668345,N4-04.弥生町5丁目,15,13,11025
35.673723,139.739536,A5-02.山王パークタワー,21,1,10019
35.70442,139.67141,N3-07.なかのZERO,5,13,11024
35.702414,139.667327,N3-12.桃園区民活動センター,3,13,541
35.765913,139.619285,T1-07.土支田一丁目（笹目通り）,8,9,10436
35.72305,139.579555,T2-50.North Ridge 吉祥寺,9,9,1047
35.654371,139.779545,B4-26.東武ストア晴海三丁目店,16,2,1631
35.68973,139.77598,B1-27.日本橋本町4丁目,46,2,712
35.622714,139.74471,I1-80.リバーサイド品川港南ビル,5,10,10933
35.611582,139.742528,I1-42.京急青横駐車場,14,10,10656
35.699328,139.636343,O4-06.杉並区役所本庁舎,4,14,1387
35.621904,139.741429,I1-79.品川浦第二,13,10,10928
35.672367,139.740437,C3-38.AKASAKA GREEN CROSS,14,3,2992
35.624619,139.776006,H1-143.ダイバーシティ東京 プラザ,13,4,386
35.678475,139.772012,B2-22.TODA BUILDING,9,2,3323
35.694073,139.645303,O7-10.カーサシルク,4,14,2536
35.608161,139.730048,I1-02.品川区役所 第三庁舎前,6,10,10415
35.680861,139.774493,B1-21.日本橋二丁目街角広場,6,2,10564
35.587232,139.669519,K1-132.多摩川駅前自転車等駐車場,19,7,977
35.606793,139.678372,J1-32.緑が丘駅前高架下,12,12,11005
35.714292,139.663327,N2-07.新井区民活動センター,5,13,538
35.727196,139.829736,G1-04.八広中央,10,15,2817
35.623756,139.692517,J1-23.清水池公園,24,12,10839
35.675739,139.763712,A4-14.東京国際フォーラム（有楽町駅ガード側）,7,1,491
35.651987,139.830691,H1-114.東京夢の島マリーナ,11,4,10803
35.768528,139.639807,T1-11.むつみ台,1,9,10473
35.690657,139.73255,D2-17.genten市ヶ谷店,10,5,492
35.695005,139.772747,A3-20.神田ふれあい通り第２,0,1,10171
35.594722,139.737101,I1-43.京急南大井駐車場,10,10,10657
35.754586,139.606409,T2-24.セブン-イレブン 練馬インター店,4,9,10495
35.722832,139.787411,F4-05.フォンターナ入谷,8,18,3094
35.651907,139.777391,B4-29.HARUMI FLAG PORT VILLAGE,4,2,2298
35.528801,139.694661,Z01.NTTドコモ川崎ビル,0,11,10658
35.669512,139.736297,C3-37.AKASAKA MAPLE HILL,13,3,2877
35.64514,139.71686,M3-22.森谷ビル,14,8,713
35.756506,139.620347,T1-08.セブン-イレブン 練馬高松6丁目店,0,9,10456
35.590458,139.68053,K1-180.菱和パレス田園調布東,3,7,3705
35.616114,139.74033,I1-23.東海橋防災船着場,0,10,10531
35.741769,139.591103,T2-20.パークサイド石神井,1,9,10474
35.676732,139.733905,C3-12.赤坂センタービルディング前（青山通り）,15,3,10198
35.576275,139.713704,K1-55.カバヤビル,19,7,10616
35.621053,139.741459,I1-108.ネオトウキョウアネックス ,6,10,2718
35.67257,139.77519,B3-24.AXAS銀座ASYLCOURT1,0,2,3941
35.75987,139.640474,T1-17.セブン-イレブン練馬田柄通り店,7,9,2282
35.532615,139.700332,Z22.みんちゅう京急川崎駅前駐輪場内ラックスペース,3,11,928
35.689879,139.740178,A6-01.東郷元帥記念公園（南側）,5,1,10026
35.672416,139.814681,H1-238.パークホームズ東陽町,6,4,3893
35.629861,139.666293,J1-33.芳窪街かど公園,15,12,11023
35.580741,139.687152,K1-118.久が原3丁目,10,7,376
35.691559,139.690029,D6-03.新宿中央公園（ポケットパーク）,18,5,10186
35.670506,139.77854,B2-19.リエトコートアルクスタワー,12,2,1696
35.731909,139.579685,T2-22.ファミリーマート 石神井台7丁目店,7,9,10487
35.702746,139.752009,E1-01.後楽橋横,30,6,10227
35.581698,139.71491,K1-84.佐伯山緑地,13,7,10941
35.722645,139.701982,D7-04.セブン-イレブン 新宿下落合3丁目店,3,5,10409
35.647081,139.825297,H1-208.夢の島緑道公園,11,4,2429
35.778605,139.588883,T2-66.大泉学園町希望ヶ丘公園,4,9,1351
35.689466,139.745316,A6-23.セブン-イレブン 千代田三番町店,0,1,10922
35.698991,139.76091,A2-25.プラウド神田駿河台,15,1,168
35.688945,139.706536,D1-13.新宿御苑新宿門【西側】,7,5,134
35.707376,139.773869,F6-02.台東区上野3丁目,37,18,3456
35.677763,139.74271,A5-03.参議院第二別館（永田町駅2番出口）,21,1,10025
35.687531,139.60439,O6-05.コージーコート久我山,5,14,662
35.72431,139.75716,E5-33.AXAS文京千駄木1,2,6,3943
35.606108,139.680211,J1-63.大岡山2丁目,15,12,2845
35.72444,139.75705,E5-34.AXAS文京千駄木2,2,6,3944
35.669291,139.795364,H1-127.古石場川親水公園,1,4,10894
35.697265,139.649397,O5-03.新高円寺地下自転車駐輪場,14,14,729
35.67962,139.7364,A6-11.東京ガーデンテラス紀尾井町,31,1,10039
35.68615,139.69708,M5-21.パレステュディオ代々木,11,8,3794
35.734805,139.599906,T2-65.さくらの辻公園,4,9,1334
35.687652,139.689254,D6-13.新宿中央公園（ジャブジャブ池下）,13,5,10284
35.703914,139.747061,E1-11.小石川運動場前,16,6,10340
35.745451,139.6343,T1-18.石神井川（高松1-7）,3,9,2963
35.684584,139.734442,A6-21.日本工営ビル,0,1,10919
35.578259,139.783505,K1-95.城南島海浜公園,10,7,11020
35.745112,139.67501,T3-34.小竹みどり公園,3,9,2719
35.596483,139.7355,I1-71.セブン-イレブン南大井浜川店,5,10,10892
35.61663,139.74192,I1-99.北品川２丁目,6,10,1050
35.644798,139.752697,C5-43.オアーゼ芝浦MJビル,7,3,485
35.629807,139.662398,J1-52.駒沢一丁目公園前,8,12,763
35.644794,139.755688,C5-45.パークアクシス芝浦キャナル,7,3,549
35.649552,139.776369,B4-33.HARUMI FLAG SEA VILLAGE,0,2,2302
35.612833,139.675047,J1-53.ボヌールAllamanda,5,12,776
35.695695,139.820507,H1-182.JRWD錦糸町タワー,10,4,1373
35.648731,139.774995,B4-32.HARUMI FLAG SEA VILLAGE,8,2,2301
35.599774,139.723467,I1-87.セブン-イレブン西大井滝王子通り店,0,10,10992
35.689689,139.698231,D6-18.ヨドバシカメラ 新宿西口本店前,19,5,10743
35.66711,139.76643,B3-17.銀座6丁目-SQUARE,39,2,11021
35.572188,139.749613,K1-94.昭和島駅前,9,7,11019
35.70124,139.71863,D4-13.AXAS新宿戸山2,1,5,3946
35.75372,139.584332,T2-44.中島橋自転車駐車場,7,9,681
35.704003,139.812263,G5-08.ヴァレッシア錦糸町シティ,0,15,3160
35.683433,139.740756,A6-22.半蔵門PREX South,14,1,10906
35.679001,139.825809,H1-133.北砂2丁目公園,37,4,10915
35.612217,139.708164,I1-77.セブン-イレブン品川西中延1丁目店,3,10,10918
35.722833,139.734662,E3-08.サガラマンション,13,6,870
35.70121,139.71864,D4-14.AXAS新宿戸山3,3,5,3947
35.709261,139.746374,E1-18.アーバネックス小石川春日,6,6,721
35.694104,139.840278,H1-148.大島七丁目団地,10,4,125
35.705686,139.642587,O5-02.馬橋ハイツ,4,14,727
35.683102,139.688852,D6-24.ＮＴＴ東日本 本社ビル,23,5,10917
35.72077,139.6045,O1-01.上瀬戸公園,5,14,591
35.70208,139.82641,H1-215.EC KAMEIDO TOKYO EAST2,5,4,2998
35.603275,139.713428,I1-75.セブン-イレブン品川二葉4丁目店,3,10,10911
35.693059,139.813417,G5-01.牡丹橋自転車駐車場,16,15,912
35.571393,139.765882,K1-160.東横イン電建　京浜島ものづくり研究センター,8,7,2942
35.668395,139.769849,B3-18.銀座松竹スクエア,13,2,123
35.641833,139.734519,C4-01.高輪地区総合支所(5F),8,3,10210
35.71046,139.6855,N3-15.ライオンズマンション中野東,4,13,716
35.650573,139.777908,B4-35.HARUMI FLAG SEA VILLAGE,7,2,2304
35.682218,139.743292,A6-24.国立劇場,15,1,10936
35.692599,139.770109,A3-42.内神田3丁目,25,1,10909
35.660632,139.817294,H1-142.東京ベイ潮見プリンスホテル,6,4,11008
35.765144,139.636606,T1-15.つのの山緑地,4,9,1478
35.582743,139.710561,K1-146.南馬込6丁目25-11,4,7,1924
35.552741,139.718404,K1-147.トヨタモビリティ東京蒲田仲六郷店2,2,7,1992
35.662908,139.755014,C1-69.塩釜公園,8,3,11035
35.738585,139.653396,T3-18.練馬駅北,16,9,1337
35.668856,139.794069,H1-172.サンヨーパシフィックマンション,5,4,905
35.602392,139.72227,I1-119.西大井広場公園,11,10,2994
35.658911,139.792531,H1-01.豊洲ＩＨＩビル前（晴海通り）,11,4,10092
35.681316,139.792176,H1-59.LYURO 東京清澄,0,4,10308
35.721556,139.640397,N1-02.鷺宮東駐輪場,11,13,11027
35.626355,139.700153,J1-38.林試の森公園 北,13,12,147
35.676393,139.768319,B2-02.柳通り（東京スクエアガーデン前）,24,2,10054
35.696449,139.750784,A1-10.ヒューリック九段ビル,0,1,10138
35.629067,139.711779,J1-36.WJ Haus,3,12,132
35.631132,139.792726,H1-154.やぐら橋下,23,4,207
35.72515,139.672614,N2-06.江古田1丁目B,6,13,370
35.547061,139.756277,K1-87.羽田イノベーションシティ,13,7,10951
35.66605,139.806699,H1-36.フジゴルフセンター,14,4,10193
35.634453,139.824,H1-189.MFLP新木場2,40,4,1606
35.627599,139.782953,H1-159.夢の大橋西,1,4,380
35.708734,139.730509,D3-16.セジョリ江戸川橋,14,5,1048
35.686567,139.699355,M5-15.新宿マインズタワー,2,8,11018
35.644863,139.831107,H1-191.三井リンクラボ新木場2,15,4,1760
35.68642,139.836151,H1-168.大島五丁目公園,13,4,759
35.63363,139.79082,H1-04.石と光の広場（国際展示場駅）,66,4,410
35.697935,139.821855,H1-100.URアーバンライフ亀戸,30,4,10769
35.67517,139.804087,H1-203.セブン-イレブン江東木場３丁目店,1,4,2266
35.57826,139.756458,K1-175.東海ふ頭公園,5,7,3680
35.672477,139.739743,C3-28.ヒューリックＪＰ赤坂ビル,12,3,11013
35.72758,139.62432,O1-04.井草1-34,14,14,888
35.707877,139.618926,O3-11.ハイリビング関根,8,14,761
35.668845,139.765144,B3-15.ACホテル・バイ・マリオット東京銀座,11,2,10442
35.767129,139.664365,T3-05.東武練馬駅南,10,9,1064
35.664871,139.767188,B3-13.国立がん研究センター,19,2,10614
35.654196,139.79626,H1-02.豊洲駅,42,4,10093
35.696567,139.610517,O3-12.大宮前体育館,3,14,1867
35.758929,139.597548,T2-39.ローソン 練馬大泉町五丁目店,7,9,217
35.681352,139.781436,B1-18.セブン-イレブン 日本橋小網町店,2,2,10447
35.612153,139.700624,I1-126.摩耶寺,9,10,3539
35.607717,139.749478,I1-10.品川シーサイド公園第1,19,10,10462
35.735428,139.652379,T3-16.練馬区役所東庁舎(第一),10,9,1332
35.549323,139.737091,K1-109.萩中公園プール駐輪場,5,7,271
35.59727,139.752362,I1-116.八潮5丁目 8,6,10,2780
35.514643,139.706285,Z21.コーナン川崎小田栄店,6,11,205
35.687732,139.846383,H1-66.中川船番所資料館,8,4,10345
35.668673,139.702816,M4-16.神宮前6丁目,2,8,744
35.650347,139.771785,B4-38.HARUMI FLAG SUN VILLAGE,12,2,2307
35.546499,139.736761,K1-111.本羽田公園,4,7,273
35.598631,139.751217,I1-114.八潮5丁目 6,7,10,2778
35.707883,139.683284,N3-04.東中野駅地下駐輪場,28,13,10962
35.636808,139.752517,C5-48.セブンイレブン港区海岸3丁目店,8,3,1433
35.543573,139.714393,K1-104.六郷BASE,3,7,233
35.69714,139.65432,O5-08.セシオン杉並,1,14,1866
35.60032,139.750741,I1-113.八潮5丁目 5,8,10,2777
35.768448,139.601679,T2-21.ファミリーマート 練馬大泉町一丁目店,7,9,10479
35.651305,139.773379,B4-40.HARUMI FLAG SUN VILLAGE,15,2,2287
35.646307,139.746428,C1-72.新田町ビル,11,3,196
35.555561,139.704345,K1-97.トミンタワー多摩川二丁目,1,7,152
35.639644,139.745532,C5-41.トヨタモビリティ東京 芝浦店,6,3,399
35.65583,139.759896,C1-71.芝商業高校前交差点,17,3,194
35.706214,139.651185,O5-11.高円寺北2丁目,4,14,2847
35.734684,139.593628,T2-75.石神井台二丁目緑地,2,9,1753
35.616637,139.699698,J1-64.東急西小山駅（北）駐輪場,22,12,3540
35.713018,139.656768,N2-04.野方2丁目,1,13,10985
35.666527,139.748804,C1-04.虎ノ門ヒルズ,29,3,10072
35.735585,139.652544,T3-17.練馬区役所東庁舎(第二),5,9,1333
35.706167,139.815955,G2-07.レオーネ押上cube,3,15,1790
35.603243,139.752783,I1-111.八潮5丁目 3,10,10,2775
35.715211,139.689788,D7-10.染の里 おちあい,9,5,10737
35.707296,139.769393,E5-07.湯島三丁目児童遊園,9,6,10346
35.640783,139.756688,C5-56.芝浦ダイヤビルディング,63,3,2912
35.678291,139.78157,B2-18.旭ビルディング,11,2,764
35.649257,139.713272,M2-13.恵比寿プライムスクエアタワー南,8,8,1496
35.616541,139.697369,J1-40.西小山公園,9,12,156
35.598601,139.684747,K1-47.NTT雪ヶ谷ビル,11,7,10548
35.678179,139.720809,C3-19.明治記念館西,0,3,10503
35.69693,139.672721,N4-01.本四公園,6,13,10964
35.696147,139.753709,A2-22.専修大学,2,1,10634
35.651136,139.778218,B4-30.HARUMI FLAG PORT VILLAGE,4,2,2299
35.630791,139.787396,H1-156.つどい橋下,9,4,381
35.716359,139.704377,D7-11.新宿清掃事務所,6,5,319
35.644042,139.626184,L1-24.T’s garden,5,17,3023
35.695457,139.772972,A3-46.神田須田町2丁目,2,1,1336
35.58239,139.73243,K1-174.第五光マンション ,9,7,3679
35.695937,139.838017,H1-170.セブンイレブン江東亀戸7丁目南店,1,4,791
35.674094,139.728895,C3-29.高橋是清翁記念公園,0,3,309
35.748736,139.574839,T2-76.東中前の森緑地,4,9,1809
35.680203,139.778679,B2-09.茅場町一丁目平和ビル,12,2,10068
35.680636,139.817977,H1-124.セブン-イレブン 江東海辺店,15,4,10870
35.696585,139.713081,D4-10.東新宿ポート(余丁町6番),6,5,1109
35.6035,139.73346,I1-121.エステムプラザ品川サウスヒルズ,20,10,3188
35.678913,139.639944,O7-07.ハレ永福,13,14,1110
35.595119,139.6996,K1-102.上池台四丁目公園,7,7,201
35.595498,139.750654,I1-93.中央海浜公園前交差点（南側）,7,10,567
35.603698,139.754304,I1-110.八潮5丁目 2,5,10,2774
35.688074,139.838932,H1-167.大島八丁目公園,13,4,749
35.695102,139.723345,D4-01.市谷仲之町,7,5,10693
35.692983,139.76773,A3-01.神田児童公園（西側交番横）,6,1,10013
35.599541,139.697962,K1-101.小池公園,5,7,200
35.713227,139.680966,N3-14.ヴィラソンサ落合,3,13,648
35.67121,139.64145,O7-02.永福中央公園,10,14,606
35.628743,139.773915,C5-38.お台場海浜公園乗船場,14,3,10118
35.650541,139.713361,M2-12.恵比寿プライムスクエアタワー北,9,8,1495
35.721064,139.677128,D7-06.エムアイセミナーハウス,5,5,10575
35.722991,139.673048,N2-09.松山駐車場No.1,5,13,767
35.696066,139.777521,A3-48.VORT秋葉原Ｖ,3,1,3627
35.58849,139.70376,K1-42.馬込西公園,14,7,10510
35.713913,139.745416,E1-17.小石川パークスクエア,9,6,277
35.702659,139.662563,N3-10.エーエスホームズⅡ駐車場,6,13,469
35.738427,139.632251,T3-27.貫井川緑地,4,9,1568
35.67753,139.63667,O7-01.西永福公園,5,14,605
35.634019,139.719749,I1-91.アクロス目黒タワー,11,10,470
35.664461,139.756082,C1-14.新橋プラザビル,10,3,10088
35.589972,139.729368,I1-57.大井水神公園,55,10,10771
35.755137,139.661208,T3-28.ほしぞら緑地,3,9,1569
35.728893,139.670119,N2-08.江古田区民活動センター,4,13,633
35.765979,139.64931,T3-30.北西大松公園,4,9,1571
35.586585,139.698552,K1-49.ローソン仲池上一丁目店,5,7,10029
35.749918,139.58618,T2-01.大泉学園駅北口,3,9,10364
35.638927,139.727083,C4-05.白金台駅自転車駐車場,13,3,10540
35.707035,139.633066,O4-03.ザ・ハウス,10,14,769
35.710285,139.66173,N2-01.NTT野方ビル,5,13,10973
35.67912,139.61074,O6-01.高井戸みどり公園,5,14,601
35.710111,139.81488,G2-02.押上1-23-8,9,15,911
35.739488,139.590273,T2-31.ファミリーマート 石神井台二丁目店,0,9,10594
35.70104,139.65839,O5-04.リヴィエール,20,14,770
35.746369,139.581065,T2-33.ウインドヒルズ189,5,9,10441
35.627386,139.711182,I1-82.トミンハイム西五反田四丁目,7,10,10938
35.65618,139.69612,M3-21.渋谷ソラスタ,12,8,351
35.680431,139.738203,A6-17.東京ガーデンテラス紀尾井町（プリンス通り側）,1,1,10613
35.643141,139.777821,H1-134.豊洲ぐるり公園,24,4,10916
35.67156,139.64609,O7-03.永福町西幸モータープール東,11,14,607
35.672652,139.738908,C3-30.東京赤坂NKビル (ヴィアインプライム赤坂),19,3,1062
35.631021,139.778109,C5-39.お台場海浜公園東,14,3,10119
35.700033,139.71983,D4-04.ジェノヴィア新宿早稲田グリーンヴェール,7,5,10845
35.634533,139.708868,J1-08.目黒区民センター公園,11,12,10691
35.655483,139.687325,J1-39.松見坂公園,3,12,151
35.750761,139.594457,T2-32.セブン-イレブン 練馬東大泉NTTビル店,8,9,10431
35.679167,139.839746,H1-122.東砂スポーツセンター,7,4,10859
35.64096,139.75754,C5-40.芝浦ふ頭駅前暫定自転車駐車場,7,3,350
35.582756,139.6925,K1-88.大田久が原西郵便局,3,7,10987
35.613387,139.749307,I1-97.トミンハイム東品川三丁目第二,31,10,930
35.69617,139.722021,D4-09.トミンハイム仲之町,0,5,931
35.631319,139.70237,J1-41.CASSIA目黒,9,12,157
35.708487,139.662135,N3-01.中野四季の森公園,19,13,10967
35.63237,139.712681,J1-43.アルコタワー・ホテル雅叙園東京,21,12,372
35.65494,139.70534,M3-20.東急ステイ渋谷新南口,8,8,208
35.670479,139.807468,H1-234.グランス木場公園,0,4,3791
35.571975,139.732137,K1-128.大森西3丁目,16,7,855
35.686101,139.776089,B1-09.スマイルホテル日本橋三越前,4,2,10130
35.552068,139.71747,K1-148.トヨタモビリティ東京 蒲田仲六郷店1,6,7,1993
35.621081,139.741178,I1-85.GOODOFFICE品川,10,10,10953
35.718832,139.791133,F4-01.SYFORME ASAKUSA,4,18,1917
35.698512,139.716482,D4-07.新宿余丁町ビル,2,5,109
35.69638,139.63482,O4-02.成宗さくら公園,11,14,598
35.65443,139.77843,B4-04.ＫＤＸ晴海ビル,1,2,10061
35.613819,139.728418,I1-84.セブン-イレブン西品川2丁目店,14,10,10957
35.729615,139.59532,T2-37.上石神井2丁目,4,9,10913
35.74248,139.58715,T2-41.ローソン 練馬東大泉五丁目店,9,9,411
35.720349,139.746924,E4-10.白山四丁目第二児童遊園横,10,6,10411
35.70273,139.65864,O5-06.EXAM高円寺南,5,14,872
35.655649,139.74427,C2-22.飯倉公園,8,3,181
35.623609,139.778782,H1-228.青海交差点,6,4,3425
35.68768,139.71937,D1-15.フロンティア四谷,8,5,856
35.723723,139.740143,E4-16.ビレッジワン,7,6,857
35.618622,139.67596,J1-42.都立大学駅北口バス停前,19,12,158
35.674076,139.795008,H1-40.深川東京モダン館,2,4,10209
35.711147,139.747386,E1-14.いきいき礫川,9,6,10528
35.71038,139.64519,O5-01.朝霞ハイツ,12,14,599
35.6897,139.694823,D6-30.京王プラザホテル,7,5,459
35.731372,139.619164,T2-68.さくら原っぱ緑地,4,9,1498
35.694578,139.754434,A2-21.神田神保町3丁目,14,1,10935
35.663843,139.757697,C1-51.環二新橋四丁目,29,3,10720
35.686015,139.642784,O7-06.松木1丁目,13,14,858
35.720028,139.678936,D7-14.大栄パーク西落合１丁目,5,5,1876
35.729056,139.627864,N1-08.上鷺自転車保管場所,7,13,859
35.693408,139.762809,A2-20.神田スクエア,48,1,10900
35.689755,139.701323,D6-25.新宿駅東南口自転車駐輪場,34,5,10926
35.756575,139.669689,T3-23.氷川台二丁目緑地,3,9,1359
35.678921,139.658289,O7-09.方南月極パーキング,19,14,2341
35.71013,139.61194,O3-03.桃井1丁目5番地,8,14,597
35.71283,139.787754,F2-01.松が谷2丁目2,20,18,1914
35.69575,139.62065,O3-01.西田公園,8,14,595
35.673409,139.675203,M6-13.JICA東京,10,8,10999
35.750547,139.66707,T3-22.氷川台三丁目ちびっこ公園,3,9,1358
35.747038,139.667965,T3-21.くまのやま緑地,4,9,1357
35.67834,139.62711,O6-04.柏の宮公園,3,14,604
35.69561,139.8316,H1-237.アルテシモリンク コモド,6,4,3894
35.643131,139.797784,H1-145.東雲都橋住宅,7,4,11012
35.706793,139.782985,F1-03.新御徒町駅自転車駐車場,12,18,1919
35.656991,139.740739,C2-04.飯倉いきいきプラザ,3,3,10131
35.638864,139.696568,J1-49.伊勢脇公園,2,12,667
35.610537,139.712434,I1-100.東急荏原中延駅駐輪場,9,10,1426
35.689543,139.836394,H1-175.ダイアパレス大島駅前,4,4,1051
35.63767,139.7045,J1-45.プラウド中目黒,3,12,611
35.63367,139.678139,L1-04.下馬中央公園,6,17,1666
35.743772,139.603317,T2-51.練馬区役所石神井庁舎,9,9,1063
35.552838,139.716711,K1-164.京急仲六郷１丁目マルチモビリティステーション,0,7,3115
35.693602,139.703229,D6-01.新宿区役所本庁舎,37,5,10184
35.671792,139.733668,C3-08.赤坂パークビルヂング,5,3,10154
35.72347,139.72973,E3-09.シャエトワール,6,6,3682
35.680849,139.65626,O7-05.ジーベック方南町,4,14,666
35.696126,139.763297,A2-23.axle御茶ノ水,2,1,10969
35.70535,139.61497,O2-01.サカエフラット荻窪,12,14,594
35.702277,139.701214,D5-09.ハウジングステージ新宿,8,5,10766
35.699743,139.664608,N3-16.COURT 5,3,13,842
35.651627,139.773103,B4-53.晴海五丁目ターミナル,129,2,2361
35.60411,139.709784,I1-98.コーポ荏原,2,10,1049
35.655457,139.795161,H1-50.豊洲交通広場　北,59,4,10275
35.697132,139.758829,A2-29.mirio神保町,4,1,3671
35.712496,139.632778,O4-09.ローソン杉並本天沼一丁目店,4,14,1877
35.698169,139.655665,O5-07.バーンホーフ キクチ,20,14,1375
35.661783,139.737242,C2-25.アパホテル＆リゾート＜六本木駅東＞,44,3,1108
35.648431,139.803125,H1-108.Brillia ist 東雲キャナルコート北側,4,4,10732
35.759827,139.659121,T3-04.サンパレス平和台,4,9,844
35.67161,139.64527,O7-04.永福町西幸モータープール西,6,14,608
35.689639,139.613516,O6-07.ローソン杉並宮前一丁目店,6,14,1878
35.682712,139.823961,H1-174.ジュネス(エントランス側),3,4,997
35.696574,139.82972,H1-166.亀戸クロック,18,4,731
35.688236,139.827711,H1-205.大島四丁目団地3,11,4,2319
35.568019,139.696379,K1-150.トヨタモビリティ東京 池上第二京浜店,5,7,1994
35.646756,139.809295,H1-52.辰巳駅,57,4,10277
35.653096,139.75739,C1-61.環三浜松町駅南,37,3,10940
35.67187,139.65474,O7-08.杉並区和泉2-3-17,4,14,2280
35.69406,139.82113,H1-218.リアルテ錦糸町,6,4,3190
35.607084,139.705007,I1-25.セブン-イレブン 品川旗の台2丁目店,2,10,10567
35.768105,139.646049,T3-15.セブン-イレブン練馬北町8丁目店,6,9,1170
35.65238,139.815613,H1-195.東京アクアティクスセンター,23,4,1889
35.697157,139.839835,H1-169.セブンイレブン江東亀戸7丁目東店,7,4,790
35.675361,139.825034,H1-197.セブン-イレブン江東南砂葛西橋通り店,2,4,2156
35.73176,139.756669,E5-21.動坂公園,10,6,10799
35.650742,139.778097,B4-36.HARUMI FLAG SEA VILLAGE,4,2,2305
35.670239,139.744285,C3-31.赤坂一丁目,17,3,1081
35.64816,139.737991,C4-11.ザ・パークハウス 三田ガーデン,11,3,437
35.730428,139.648704,T3-09.学田公園,5,9,1098
35.701157,139.679617,N3-20.SYFORME NAKANO-SAKAUE,5,13,2211
35.712157,139.815298,G2-04.ラ　ステュディオ押上,4,15,1171
35.631729,139.749767,C5-11.フェイバリッチタワー品川,0,3,10177
35.65513,139.749645,C1-77.芝公園,15,3,1279
35.724944,139.801684,F3-01.清川1丁目18-11,15,18,1916
35.736378,139.632485,T3-10.貫井一丁目緑地,2,9,1099
35.683866,139.831809,H1-206.北砂5丁目団地2,17,4,2320
35.664344,139.746662,C1-54.ニッセイ虎ノ門ビル,11,3,10755
35.66026,139.69684,M3-24.渋谷道玄坂２丁目駐輪場,19,8,1524
35.696202,139.752351,A1-18.東京区政会館別館(特別区研修所),4,1,1061
35.665254,139.769301,B3-12.築地場外市場,18,2,10641
35.728268,139.649188,T3-08.中新井川児童遊園,7,9,1097
35.680514,139.764002,A4-01.丸ビル（南側駐輪場）,9,1,10023
35.63464,139.783445,H1-198.Br Tower 有明 MID CROSS,8,4,2212
35.667936,139.72745,C3-32.乃木公園,3,3,1080
35.634574,139.710332,J1-35.目黒川田道街かど公園,7,12,11033
35.73897,139.65514,T3-38.エクセリア練馬,10,9,3896
35.653991,139.795513,H1-53.豊洲シビックセンター,18,4,10278
35.709245,139.663218,N3-21.中野区役所新庁舎,4,13,2916
35.758366,139.628982,T1-10.月見大橋下,3,9,10470
35.74553,139.608939,T2-42.石神井公園駅北第二自転車駐車場,5,9,679
35.63534,139.601602,L1-08.NTT砧ビル,19,17,1670
35.759774,139.654529,T3-14.わらべ児童遊園,4,9,1128
35.728292,139.802884,F3-09.アークマーク南千住レジデンスLRE,10,18,3793
35.567176,139.742345,K1-116.旧呑川緑地（大森東五丁目）,7,7,303
35.761211,139.603316,T2-67.陽和病院,6,9,1427
35.728846,139.718577,P1-01.サンシャインシティ,6,16,1229
35.601958,139.682876,K1-32.石川町文化センター,5,7,10453
35.691199,139.687966,D6-06.新宿中央公園（エコギャラリー下）,18,5,10296
35.70126,139.71857,D4-12.AXAS新宿戸山1,3,5,3945
35.6915,139.75685,A2-28.NTTコミュニケーションズ一ツ橋ビル駐車場,21,1,1082
35.689575,139.767848,A3-02.絶滅メディア博物館（楓ビル）,7,1,10014
35.67741,139.67383,M6-15.cova Hatagaya,3,8,383
35.685504,139.790817,B1-29.ASTILE日本橋浜町,6,2,2210
35.649329,139.772656,B4-42.HARUMI FLAG SUN VILLAGE,4,2,2289
35.763741,139.588847,T2-09.こぐれの森緑地,10,9,10372
35.711971,139.818183,G2-13.押上3-18-6,1,15,2979
35.638819,139.834793,H1-119.榎戸材木店,16,4,10831
35.75731,139.624922,T1-04.春の風公園,2,9,10361
35.646534,139.748913,C1-81.田町タワー,16,3,1888
35.740321,139.631256,T3-11.ガラクタ公園,3,9,1100
35.749388,139.651824,T3-19.なかみや児童遊園,5,9,1349
35.726064,139.578015,T2-48.武蔵関駅南第二自転車駐車場,3,9,685
35.648221,139.772666,B4-44.HARUMI FLAG PARK VILLAGE,16,2,2290
35.584998,139.761055,I1-95.東京レールゲート EAST,35,10,886
35.748092,139.636587,T3-12.春日町西公園,4,9,1126
35.753964,139.629116,T1-05.夏の雲公園,4,9,10362
35.684502,139.77906,B1-28.アイルイムーブル日本橋,9,2,1083
35.757298,139.664139,T3-13.平和台児童公園,4,9,1127
35.643958,139.838358,H1-183.MFLP新木場1,9,4,1424
35.719674,139.593696,T2-49.善福寺公園テニスクラブ,9,9,932
35.772863,139.626969,T2-53.上練馬公園,4,9,1130
35.609958,139.684087,J1-50.大岡山公園,4,12,668
35.71936,139.679083,D7-13.日本光電本社南側,10,5,1875
35.75312,139.65661,T3-20.はやいち公園,4,9,1350
35.672659,139.725644,C3-07.新青山ビル,20,3,10153
35.77228,139.58325,T2-56.大泉公園（第一）,4,9,1133
35.672922,139.668729,M6-17.笹塚一丁目駐輪場,17,8,1504
35.608402,139.726118,I1-89.下神明駅自転車駐車場,5,10,180
35.721738,139.723103,P1-02.雑司ヶ谷一丁目,8,16,1230
35.7547,139.5871,T2-43.学園通り自転車駐車場,8,9,680
35.678296,139.791949,H1-192.ウエリスアーバン水天宮前,2,4,1789
35.724747,139.565817,T2-60.武蔵関公園（第一）,9,9,1137
35.748395,139.605958,T2-84.石神井町二丁目緑地,3,9,2158
35.722917,139.587864,T2-59.平成公園,2,9,1136
35.741088,139.618638,T2-96.石神井川（富士見台3-62）,3,9,2967
35.649513,139.775287,B4-48.HARUMI FLAG PARK VILLAGE,0,2,2294
35.727826,139.570056,T2-61.武蔵関公園（第二）,3,9,1138
35.766491,139.587232,T2-46.大泉郵便局バス停自転車駐車場,9,9,683
35.649642,139.773859,B4-46.HARUMI FLAG PARK VILLAGE,17,2,2292
35.648765,139.753363,C1-79.髙松コンストラクショングループ 東京本社ビル,6,3,1695
35.721679,139.645265,N1-04.都立家政南駐輪場,11,13,131
35.70781,139.732227,E2-13.デルックス文京神楽坂,5,6,649
35.751438,139.641265,T3-01.練馬春日町駅自転車駐車場,5,9,686
35.683542,139.839763,H1-136.東砂一丁目公園,16,4,10924
35.771068,139.586798,T2-45.風致地区バス停第三自転車駐車場,7,9,682
35.718635,139.663404,N2-11.沼袋駅南,6,13,2943
35.650604,139.77724,B4-31.HARUMI FLAG PORT VILLAGE,10,2,2300
35.720318,139.570762,T2-70.三ツ塚けやき緑地,3,9,1731
35.561183,139.716339,K1-23.大田区役所本庁舎前,8,7,10400
35.727046,139.760439,E5-04.保健サービスセンター本郷支所,7,6,10247
35.670106,139.768041,B3-20.歌舞伎座タワー駐輪場2F,11,2,1434
35.727495,139.828499,G1-02.八広駅高架下,14,15,2321
35.728704,139.801867,F3-03.ヴェルステージ南千住,5,18,2243
35.585489,139.740194,K1-136.BIG FUN 平和島,21,7,1144
35.707305,139.773657,F6-01.松坂屋上野店,6,18,1922
35.690155,139.713377,D1-16.ルネ新宿御苑タワー,12,5,1142
35.712,139.62816,O3-04.アヴァンセ阿佐ヶ谷,2,14,698
35.561101,139.715173,K1-92.蒲田駅西口自転車駐車場,25,7,11014
35.690348,139.796133,G4-09.SYFORME MORISHITA Ⅱ 1,2,15,1632
35.559809,139.716993,K1-144.蒲田五丁目44番自転車駐車場,9,7,1793
35.746768,139.613885,T2-64.高野台中央公園,3,9,1141
35.69842,139.81035,G6-03.マーキュリー錦糸町,0,15,3681
35.622965,139.731014,I1-64.株式会社ユアス ゆうパック取扱所：ポストのうしろ,10,10,10829
35.66362,139.69801,M1-01.渋谷区役所,37,8,10376
35.664244,139.814506,H1-199.ラ・ヴェール東陽町,8,4,2240
35.653355,139.656296,L1-22.代田3丁目,9,17,2846
35.68168,139.77825,B2-15.KABUTO ONE,25,2,384
35.679876,139.68278,M6-21.ARKMARK渋谷初台,7,8,3948
35.751471,139.599835,T2-63.三原台公園,7,9,1140
35.703465,139.780325,F1-04.台東2丁目21,5,18,2242
35.690307,139.796128,G4-10.SYFORME MORISHITA Ⅱ 2,5,15,1633
35.630109,139.747094,C5-52.港南四丁目第3アパート駐車場,10,3,1749
35.68832,139.828829,H1-204.大島四丁目団地2,8,4,2318
35.729518,139.790615,F4-07.ティモーネプレミアム三ノ輪ステーション,3,18,3789
35.662414,139.813333,H1-200.ヴェッセル木場南,2,4,2241
35.715878,139.673669,N3-19.上高田パーキング,9,13,1300
35.689913,139.833279,H1-184.UR大島六丁目団地(第一),3,4,1475
35.583555,139.743381,K1-85.大田区青少年交流センター ゆいっつ,5,7,10945
35.692605,139.755761,A1-17.雉子橋集積所,6,1,1294
35.68285,139.698528,M5-19.グランリヴィエール代々木,6,8,887
35.692547,139.799231,G6-01.オーキッドレジデンス森下,5,15,1143
35.717963,139.791025,F4-02.Risingplace浅草四番館,3,18,2322
35.571578,139.770532,K1-137.京浜島つばさ公園,17,7,1145
35.643909,139.756509,C5-54.ヤマタネ芝浦オフィス,12,3,2781
35.68546,139.80244,H1-164.森下三丁目第三児童遊園,19,4,703
35.767582,139.636304,T1-16.ゆりの木通り南公園,4,9,1479
35.542346,139.704354,K1-165.専修寺関東別院,10,7,3191
35.684218,139.832843,H1-135.北砂5丁目団地,18,4,10923
35.694065,139.751801,A1-19.九段会館テラス,14,1,1147
35.634627,139.77663,C5-51.トミンタワー台場一番街,13,3,1692
35.678246,139.8366,H1-179.北砂7丁目団地(第三),10,4,1297
35.678537,139.837391,H1-177.北砂7丁目団地(第一),9,4,1295
35.591002,139.680881,【バッテリー交換のみ】ドコモショップ雪が谷大塚店,0,7,1244
35.632128,139.732097,C4-04.ショパン高輪,14,3,10444
35.692245,139.817483,H1-105.猿江恩賜公園,7,4,10729
35.726728,139.65874,T3-07.徳殿公園,4,9,1096
35.678031,139.837193,H1-178.北砂7丁目団地(第二),4,4,1296
35.647659,139.745055,C1-60.専売ビル,11,3,10944
35.767627,139.65243,T3-25.北町みのり公園,4,9,1480
35.561291,139.715076,K1-141.蒲田駅西口歩道,3,7,1523
35.6701,139.76801,B3-21.歌舞伎座タワー駐輪場3F,24,2,1435
35.642251,139.69692,J1-06.観音橋自転車置場,72,12,10689
35.694804,139.831357,H1-186.セブン-イレブン亀戸昭和橋通り店,3,4,1477
35.734615,139.576214,T2-73.早実グラウンド記念公園,2,9,1734
35.586655,139.728366,K1-166.Luz大森1,6,7,3562
35.681418,139.809287,H1-132.セブン-イレブン 江東三好4丁目店,1,4,10905
35.638912,139.747422,C5-49.プラウドタワー芝浦,10,3,1481
35.657682,139.703307,M3-13.渋谷駅東口地下駐輪場,21,8,10843
35.664845,139.796643,H1-190.福山通運 東京支店,8,4,1759
35.588363,139.69042,K1-134.東調布公園,3,7,995
35.664335,139.590114,L1-14.給田3丁目,25,17,1819
35.737899,139.576584,T2-82.梅の木児童遊園,4,9,2159
35.622403,139.71771,I1-74.セブン-イレブン西五反田6丁目店,0,10,10907
35.684404,139.70307,【バッテリー交換のみ】ドコモショップ代々木店,0,8,1247
35.726499,139.797987,F3-06.プロスタイルウェルス南千住メディフィス,3,18,2806
35.662146,139.702793,M3-19.渋谷キャスト,20,8,10984
35.755773,139.661913,T3-29.平和台もものき緑地,3,9,1570
35.625081,139.682632,J1-25.碑文谷公園,7,12,10886
35.72489,139.62383,O1-03.LUCKY HOUSE,2,14,593
35.696387,139.689924,D6-07.新宿フロントタワー,15,5,10189
35.643711,139.724753,C4-14.神応ほっとプラザ,7,3,1505
35.654165,139.781568,B4-05.ドコモ・バイクシェア晴海ポート,50,2,10062
35.760442,139.573145,T2-83.西大泉さくら緑地,7,9,2160
35.675049,139.68444,M5-13.セブン-イレブン初台店,2,8,10891
35.66206,139.735501,C2-20.三井ガーデンホテル六本木プレミア,7,3,10880
35.627891,139.776896,C5-32.トレードピアお台場,18,3,10878
35.647872,139.75391,C5-30.フェイム芝浦インターウェーブ,7,3,10852
35.556199,139.721476,K1-50.テクノポートカマタ 第1,5,7,10586
35.700732,139.711472,D4-05.カスタリア新宿7丁目,1,5,10895
35.655497,139.774556,B4-12.THE TOKYO TOWERS,6,2,10352
35.699312,139.696468,D5-11.NTTコミュニケーションズ新宿ビル,9,5,10866
35.626121,139.688576,J1-29.カスタリア目黒鷹番,5,12,10897
35.647076,139.703964,M3-15.co-ba ebisu,2,8,10881
35.689017,139.714755,D1-12.ジェノヴィア新宿御苑グリーンヴェール,11,5,10885
35.612389,139.676238,J1-24.ボヌールREIWA,3,12,10869
35.679807,139.715931,D1-11.三井ガーデンホテル神宮外苑の杜プレミア,1,5,10871
35.711875,139.759306,E5-25.ジェノヴィア東大前グリーンヴェール,8,6,10882
35.567562,139.766854,K1-78.城南鋳物団地協同組合,11,7,10864
35.600003,139.754288,I1-68.八潮公園第二,4,10,10862
35.728333,139.757629,E5-19.千駄木公園,6,6,10778
35.601149,139.754284,I1-67.八潮公園第一,5,10,10861
35.68557,139.766929,A4-13.アーバンネット大手町ビル,21,1,10851
35.724828,139.762583,E5-22.千駄木2丁目,2,6,10820
35.733611,139.594405,T2-97.石神井川（石神井台2-2）,1,9,2968
35.698641,139.759306,A2-19.猿楽町SSビル西,6,1,10836
35.691677,139.793857,G4-08.ブオンサンヴァレンティーノ,6,15,1605
35.651129,139.726003,C2-28.有栖川宮記念公園第二,7,3,2191
35.573358,139.723105,K1-72.ファミリーマート大森西四丁目店,2,7,10816
35.649932,139.776958,B4-34.HARUMI FLAG SEA VILLAGE,4,2,2303
35.627373,139.692044,J1-22.NTTコミュニケーションズ唐ヶ崎ビル,1,12,10834
35.679616,139.784341,B1-23.NANAEI日本橋,9,2,10828
35.705148,139.769314,E5-30.湯島3丁目15,6,6,796
35.704201,139.735815,D2-14.ローソン 神楽坂駅北店,7,5,10846
35.648636,139.774251,B4-49.HARUMI FLAG PARK VILLAGE,5,2,2295
35.62765,139.719212,I1-63.セブン-イレブン西五反田店,9,10,10824
35.69839,139.825484,H1-118.ファミリーマート亀戸駅前店,8,4,10815
35.698654,139.759762,A2-18.猿楽町SSビル東,4,1,10835
35.654873,139.762103,C1-56.鈴与竹芝ビル,3,3,10838
35.6772,139.678117,M6-10.京王コインパーク幡ヶ谷,1,8,10819
35.766425,139.580588,T2-93.大泉学園町5丁目,18,9,2848
35.651183,139.776119,B4-28.HARUMI FLAG PORT VILLAGE,1,2,2297
35.598244,139.722447,I1-102.J.GRAN Court 品川西大井 EAST,7,10,1942
35.697535,139.703633,D6-23.アパホテル 東新宿 歌舞伎町西,3,5,10826
35.651672,139.760549,C5-29.Hi-NODE(ハイノード),9,3,10833
35.683378,139.743189,A6-26.相互半蔵門ビル,13,1,1223
35.605996,139.743037,I1-65.セブン-イレブン品川東大井1丁目店,6,10,10841
35.649419,139.771447,B4-37.HARUMI FLAG SUN VILLAGE,14,2,2306
35.674337,139.668801,M6-11.京王サイクルパーク笹塚,5,8,10842
35.670491,139.784447,B4-27.リバーシティ西ブロック,19,2,1681
35.667462,139.716058,C3-33.PASONA SQUARE,14,3,1224
35.649386,139.835617,H1-115.東京夢の島マリーナ 第4駐車場,13,4,10804
35.628266,139.734171,C4-07.品川プリンスホテル,9,3,10827
35.712445,139.758157,E5-24.本郷6丁目,3,6,10855
35.722353,139.760966,E5-23.ビレッジ千駄木,8,6,10830
35.73701,139.627244,T3-26.富士見ランド公園,8,9,1567
35.614391,139.678396,J1-15.二の橋自転車置場2,21,12,10792
35.665961,139.686491,M5-10.富ヶ谷2丁目,15,8,10807
35.650863,139.772549,B4-39.HARUMI FLAG SUN VILLAGE,6,2,2308
35.724921,139.75903,E5-18.団子坂上広場,11,6,10777
35.659787,139.636696,L1-17.赤堤3丁目,7,17,2267
35.688154,139.698975,M5-11.あおい通り,16,8,10813
35.733195,139.612327,T2-90.南田中四丁目緑地,4,9,2193
35.704391,139.758575,E5-20.本郷2丁目,9,6,10798
35.712545,139.713319,D3-09.西早稲田3丁目,1,5,10787
35.614856,139.678208,J1-14.二の橋自転車置場1,52,12,10791
35.686405,139.803354,H1-227.松村メゾン,3,4,3477
35.669871,139.753147,C1-73.日比谷フォートタワー,13,3,283
35.68369,139.736936,A6-20.紀尾井町PREX,7,1,10768
35.733132,139.570311,T2-72.高塚南緑地,6,9,1733
35.691613,139.711233,D6-21.新宿5丁目,7,5,10767
35.625037,139.777646,H1-116.出会い橋高架下,48,4,10809
35.58209,139.701362,K1-145.トヨタモビリティ東京馬込テクニカル研修センター,13,7,1837
35.649002,139.772764,B4-45.HARUMI FLAG PARK VILLAGE,12,2,2291
35.656228,139.706284,M3-12.渋谷南東急ビル,7,8,10808
35.605828,139.680265,J1-12.工大橋下流自転車置場,9,12,10789
35.649119,139.775138,B4-47.HARUMI FLAG PARK VILLAGE,5,2,2293
35.721045,139.735687,E3-05.文京スポーツセンター,57,6,10585
35.671225,139.808561,H1-117.東京パークサイドビル,16,4,10810
35.643683,139.7506,C5-28.芝浦ルネサイトタワー,11,3,10785
35.617773,139.685351,J1-20.すずめのお宿緑地公園,9,12,10805
35.615098,139.675954,J1-19.NTT東日本自由が丘ビル,4,12,10801
35.6447,139.784512,H1-22.豊洲市場（7街区）,67,4,10780
35.667988,139.765892,B3-22.ザ ロイヤルパークホテル 銀座6丁目,15,2,2683
35.658204,139.738935,C2-29.狸穴公園,4,3,2192
35.555808,139.722791,K1-51.テクノポートカマタ 第2,12,7,10587
35.617279,139.67202,J1-16.八雲橋自転車置場,5,12,10793
35.622277,139.745638,I1-62.天王洲Rim,7,10,10812
35.701347,139.819973,H1-151.コスモリード錦糸町,12,4,162
35.648295,139.773973,B4-50.HARUMI FLAG PARK VILLAGE,13,2,2296
35.630694,139.690482,J1-21.中央緑地公園,4,12,10806
35.688405,139.770068,B1-03.常盤公園（北側）,9,2,10049
35.646648,139.633038,L1-12.鈴木リースホーム駐車場,15,17,1674
35.75195,139.616028,T2-36.サントピア テニスパーク,3,9,10781
35.528361,139.696499,Z13.京急川崎日進町駐輪場,11,11,10752
35.692641,139.846346,H1-107.大島小松川公園,29,4,10763
35.670452,139.75557,A5-07.富国生命ビル,18,1,10776
35.537163,139.729625,Z14.ファミリーマート川崎中瀬店,0,11,10760
35.607557,139.746866,I1-52.カスタリアタワー品川シーサイド,20,10,10754
35.645155,139.744543,C1-74.札の辻スクエア,5,3,704
35.609664,139.730006,I1-58.品川区役所　第二庁舎前,17,10,10772
35.593559,139.734704,I1-55.鈴ヶ森公園,1,10,10770
35.562539,139.748013,K1-168.大田区営大森南五丁目アパート16号棟,7,7,3421
35.620355,139.749339,I1-53.天王洲公園,26,10,10757
35.515344,139.722229,Z16.ファミリーマート川崎浜町四丁目店,23,11,10762
35.613902,139.691476,J1-17.ファミリーマート原町二丁目店,2,12,10796
35.669188,139.785301,B4-15.リバーシティ　イーストタワーズ,2,2,10764
35.647757,139.712981,M3-10.ウノサワ東急ビル,4,8,10722
35.64423,139.835823,H1-94.新木場一丁目緑地公園,11,4,10702
35.745272,139.604579,T2-91.石神井町四丁目緑地,5,9,2194
35.692396,139.75639,A2-17.竹橋ビル,11,1,10716
35.668705,139.810549,H1-98.洲崎川緑道公園,8,4,10706
35.661852,139.802224,H1-97.浜園公園,0,4,10705
35.642571,139.836766,H1-101.ファミリーマート新木場一丁目店,8,4,10710
35.694927,139.731328,D4-02.JICA市ヶ谷ビル（地球ひろば／研究所）,3,5,10697
35.575097,139.751446,K1-66.昭和島二丁目公園,4,7,10712
35.64143,139.835455,H1-93.新木場一丁目公園,10,4,10701
35.743354,139.606592,T2-04.石神井公園駅南口,11,9,10367
35.630151,139.725215,I1-47.NTT 東日本 関東病院(南側),3,10,10741
35.680948,139.796917,H1-103.清澄庭園,3,4,10727
35.562383,139.747563,K1-169.大田区営大森南五丁目アパート17号棟,3,7,3422
35.676488,139.809616,H1-104.木場公園,2,4,10728
35.74097,139.63836,T3-31.パークサイド関口,7,9,1650
35.655779,139.680948,J1-10.NTTデータ駒場研修センター,17,12,10717
35.651846,139.77414,B4-52.LaLa terrace HARUMI FLAG,19,2,2587
35.720896,139.76422,E5-17.Village藍染,5,6,10745
35.683483,139.790844,B1-33.アイフェリーク日本橋,2,2,3955
35.67363,139.77623,B3-19.本の森ちゅうおう,15,2,1215
35.675436,139.670594,M6-07.笹塚東,25,8,10721
35.698917,139.771856,A3-41.秋葉原ダイビル,13,1,10874
35.697167,139.745629,A1-15.富士見みらい館,0,1,10735
35.693544,139.685806,D6-20.淀橋けやき橋公園,12,5,10753
35.650351,139.692853,J1-04.菅刈公園,19,12,10687
35.690958,139.759876,A2-27.丸紅ビル,29,1,490
35.661149,139.754612,C1-53.ホテルリブマックス新橋,0,3,10731
35.71115,139.68232,D7-08.上落合3丁目,5,5,10709
35.599196,139.739158,I1-50.京急立会川第2バイク駐輪場,2,10,10749
35.648726,139.790877,H1-44.テプコ豊洲ビル,27,4,10223
35.585747,139.735242,K1-69.京急平和島第2Bバイク駐輪場,1,7,10747
35.747807,139.593599,T2-14.NPC24H東大泉第6パーキング,0,9,10439
35.527562,139.737102,Z04.ローソン川崎四谷上町店,6,11,10661
35.695636,139.727882,D4-03.市谷加賀町2丁目,5,5,10698
35.660526,139.776816,B4-14.Brillia ist Tower 勝どき,2,2,10708
35.739175,139.593051,T2-11.石神井松の風文化公園,3,9,10374
35.66688,139.80779,H1-111.ファミリーマート木場六丁目店,1,4,10739
35.7032,139.758674,E5-32.グリーチネ元町,10,6,3423
35.705774,139.743366,D2-12.ヴィアイン飯田橋後楽園,9,5,10725
35.589573,139.735585,I1-51.京急鈴ヶ森駐車場,8,10,10750
35.603815,139.741362,I1-49.京急鮫洲バイク駐輪場,4,10,10748
35.694834,139.780333,A3-39.Cocoro Kanda East,1,1,10672
35.684247,139.815638,H1-75.ジオ深川住吉,14,4,10504
35.640675,139.698088,J1-01.目黒区総合庁舎,28,12,10684
35.657718,139.681043,J1-02.駒場野公園,16,12,10685
35.677542,139.843651,H1-212.セブン‐イレブン 江東東砂3丁目,15,4,2898
35.66865,139.679251,M5-09.代々木上原駅前,7,8,10665
35.6471,139.712818,M2-07.ファミリーマート恵比寿駅東店,6,8,10667
35.604606,139.734483,I1-44.大井三ツ又商店街入口,0,10,10668
35.743962,139.670315,T3-24.AZEST新桜台,7,9,1356
35.513548,139.697176,Z05.ローソン川崎小田二丁目店,0,11,10662
35.712015,139.750284,E1-07.礫川地域活動センター,10,6,10233
35.64853,139.686309,J1-05.東山公園　北,11,12,10688
35.650688,139.696696,J1-03.西郷山公園,1,12,10686
35.68082,139.71188,M4-07.千駄ヶ谷駅前,6,8,10666
35.571711,139.685337,K1-65.下丸子3丁目,12,7,10683
35.732291,139.82012,G1-01.鐘ヶ淵駅南自転車駐車場,10,15,922
35.655139,139.762812,C1-48.竹芝客船ターミナル,29,3,10628
35.61061,139.693443,J1-13.洗足二丁目駐輪場,16,12,10790
35.703024,139.78052,F1-05.ホウエイコート秋葉原,2,18,2362
35.707437,139.761806,E5-31.セブン-イレブン本郷三丁目駅前店,1,6,2917
35.565768,139.727396,K1-59.京急梅屋敷第1駐車場,2,7,10653
35.56573,139.735901,K1-179.旧呑川緑道（大森中3丁目）第二,8,7,3701
35.685578,139.732078,A6-19.番町麹町ビルディング,11,1,10642
35.529781,139.727511,Z09.ファミリーマート川崎川中島二丁目店,5,11,10679
35.513644,139.712594,Z02.NTT渡田ビル,0,11,10659
35.668091,139.680243,M5-08.古賀政男音楽博物館,3,8,10647
35.70844,139.72951,D3-20.AXAS神楽坂,5,5,3711
35.678099,139.791831,H1-201.ウエリスアーバン水天宮前2,6,4,2251
35.726499,139.759884,E5-15.文京千駄木の郷,10,6,10649
35.666213,139.760907,C1-49.汐留シティセンター,35,3,10633
35.537434,139.744509,Z06.ローソン川崎殿町店,14,11,10663
35.634565,139.775809,C5-55.お台場海浜公園北,13,3,2867
35.696913,139.823911,H1-91.亀戸駅北口第三自転車駐車場,11,4,10650
35.588106,139.718852,K1-56.NTT馬込ビル,0,7,10631
35.69497,139.76945,A3-38.パークホームズ千代田淡路町,8,1,10645
35.68942,139.662118,O5-10.ローソン ツルハドラッグ杉並和田店,5,14,2342
35.523754,139.746356,Z03.ローソン川崎塩浜三丁目店,4,11,10660
35.707313,139.771857,E5-14.上野広小路駅（湯島側）,14,6,10648
35.637041,139.781088,H1-89.BUDDY スポーツアリーナ,38,4,10630
35.69788,139.830559,H1-92.亀戸駅東口第二自転車駐車場,17,4,10651
35.576336,139.733691,K1-60.京急平和島第1駐車場,5,7,10654
35.702833,139.739,D2-11.神楽坂アインスタワー,2,5,10644
35.579585,139.705377,K1-57.池上本門寺,7,7,10632
35.686442,139.804161,H1-226.メゾン・ド・マツムラ ,2,4,3478
35.608193,139.719139,I1-31.セブン-イレブン 品川戸越5丁目店,3,10,10581
35.662514,139.803694,H1-87.パークアクシス木場キャナルウエスト,1,4,10619
35.725171,139.675897,D7-07.ローソン 新宿西落合三丁目店,1,5,10602
35.704597,139.708397,D5-08.ウエリス新宿早稲田の森,15,5,10588
35.675702,139.785229,B2-10.東京ダイヤビルディング（北側）,24,2,10214
35.704475,139.763041,E5-12.NK本郷ビル,5,6,10598
35.623466,139.734359,I1-37.ガーデンシティ品川御殿山,12,10,10618
35.759861,139.581682,T2-77.大泉なかよし緑地,3,9,1810
35.519137,139.705791,Z07.ローソン川崎渡田三丁目店,3,11,10677
35.647091,139.817333,H1-84.NTT東日本辰巳ビル,6,4,10556
35.683514,139.827081,H1-82.セブンｰイレブン 北砂3丁目明治通り店,27,4,10561
35.690861,139.736393,A6-14.MG市ヶ谷ビルディング,0,1,10571
35.756825,139.590528,T2-80.みその緑地,5,9,1854
35.564152,139.727422,K1-52.大田区総合体育館,5,7,10604
35.715592,139.76192,E5-13.弥生二丁目,11,6,10599
35.685938,139.764886,A4-05.大手町タワー,59,1,10041
35.695737,139.78162,A3-37.ポータル秋葉原,0,1,10600
35.688929,139.7358,A6-15.東急番町ビル,13,1,10572
35.64115,139.741471,C1-44.三田Avanti,3,3,10596
35.719012,139.820542,G2-09.京成曳舟,19,15,2818
35.644155,139.756216,C5-26.ピアシティ芝浦ビル,22,3,10555
35.716184,139.643905,N1-09.若宮レジデンス,5,13,1704
35.726188,139.741375,E4-14.NTT東日本大塚ビル,0,6,10597
35.671514,139.753952,A5-04.日比谷パークフロント前　日比谷公園南面向い歩道上,29,1,10553
35.669916,139.725701,C3-23.LIFORK 南青山 北エントランス,43,3,10609
35.756469,139.603057,T2-99.日生交通,10,9,3424
35.617475,139.729221,I1-26.大崎西口公園,50,10,10568
35.656324,139.755927,C1-45.浜松町クレアタワー,20,3,10607
35.709147,139.739183,E2-12.水道2丁目,1,6,10589
35.642165,139.800439,H1-83.ローソン江東東雲店,2,4,10557
35.543335,139.709949,K1-177.雑色第７駐車場,20,7,3702
35.658169,139.752509,C1-43.KDX浜松町プレイス,10,3,10577
35.688301,139.768958,B1-20.竜閑さくら橋際街角広場,33,2,10551
35.599987,139.745195,I1-29.ローソン 勝島一丁目店,17,10,10579
35.713388,139.737009,E3-07.小日向1丁目,14,6,10627
35.708082,139.607543,O2-04.西荻北1丁目,5,14,2281
35.586382,139.705116,K1-140.西馬込駅前自転車駐車場(奥),15,7,1371
35.688351,139.744321,A6-16.一番町第二TGビル,4,1,10601
35.639571,139.755551,C5-25.NEX-TEC芝浦,25,3,10544
35.647237,139.71512,M2-06.あいおいニッセイ同和損保恵比寿ビル,5,8,10542
35.6738,139.731525,C3-16.赤坂ガーデンシティ,4,3,10338
35.69492,139.80728,G6-02.ジェノヴィア錦糸町スカイガーデン,6,15,3479
35.645604,139.834941,H1-78.ローソン新木場一丁目店,15,4,10427
35.574886,139.685122,K1-28.鵜の木特別出張所,2,7,10433
35.59632,139.751279,I1-20.しおじ公園,17,10,10519
35.695762,139.761585,A2-01.神田駿河台下,23,1,10008
35.684423,139.692262,M5-02.あいおいニッセイ同和損保新宿ビル,11,8,10391
35.658709,139.757036,C1-41.港区立エコプラザ,8,3,10466
35.66523,139.776313,B3-09.築地永谷コーポラス,26,2,10413
35.546252,139.731708,K1-31.テクノWING,7,7,10452
35.563874,139.685011,K1-37.東京サーハウス前,10,7,10482
35.613421,139.75375,I1-13.八潮北公園,8,10,10465
35.761474,139.592735,T2-78.北大泉くれはし公園,3,9,1811
35.593489,139.72967,I1-06.大森貝塚遺跡庭園,3,10,10419
35.6873,139.70282,M4-01.新宿タカシマヤ,10,8,10386
35.692269,139.759391,A2-14.興和一橋ビル,17,1,10485
35.673444,139.666553,M6-02.サイカパーク笹塚,7,8,10394
35.607571,139.749108,I1-19.品川シーサイド公園第2,23,10,10518
35.674835,139.785656,B2-12.東京ダイヤビルディング（東側）,37,2,10539
35.657264,139.743821,C2-16.ザ・ベルグレイヴィア麻布,4,3,10438
35.616633,139.748945,I1-09.東品川海上公園第1,0,10,10461
35.680753,139.762069,A4-11.二重橋前駅(メトロ4番出口),18,1,10513
35.609052,139.729825,I1-01.品川区役所 本庁舎前,10,10,10414
35.71429,139.70507,D3-07.戸塚特別出張所,11,5,10478
35.61379,139.746617,I1-18.東品川公園,1,10,10517
35.6214,139.741958,I1-16.品川浦,12,10,10515
35.603327,139.729006,I1-30.ローソン 大井三丁目店,5,10,10580
35.67917,139.67493,M6-05.七号通り公園,2,8,10397
35.713872,139.698301,D3-06.セブン-イレブン高田馬場3丁目中央店,3,5,10460
35.647713,139.755534,C5-24.GLOBAL FRONT TOWER,6,3,10480
35.698986,139.774099,A3-27.秋葉原駅中央口（ヨドバシカメラ前）,20,1,10302
35.549778,139.707362,K1-35.セブン-イレブン 大田区西六郷2丁目店,2,7,10475
35.596579,139.745009,I1-22.ウィラ大井 (ショッピングモール),3,10,10529
35.674274,139.759111,A4-12.東京ミッドタウン日比谷,11,1,10530
35.74755,139.597968,T2-17.ファミリーマート 練馬石神井町八丁目店,1,9,10454
35.674578,139.797396,H1-72.ネクストサイト深川ビル,15,4,10472
35.750185,139.579216,T2-23.セブン-イレブン 練馬南大泉5丁目店,4,9,10494
35.593611,139.738056,I1-24.しながわ区民公園(中央口),10,10,10532
35.765704,139.625178,T1-09.ローソン練馬旭町一丁目店,7,9,10469
35.56892,139.725082,K1-25.鶴渡公園,14,7,10402
35.648107,139.813572,H1-202.辰巳の森海浜公園,4,4,2250
35.67386,139.79976,H1-73.イシマビル,3,4,10484
35.773841,139.591456,T2-27.ファミリーマート 大泉長久保通り店,2,9,10501
35.603984,139.744504,I1-11.鮫洲入江広場,14,10,10463
35.590641,139.736354,I1-07.しながわ水族館,11,10,10420
35.691188,139.712079,D1-09.NTT四谷ビル,1,5,10534
35.616364,139.749171,I1-17.東品川海上公園第2,0,10,10516
35.560655,139.699126,K1-158.多摩川1丁目,4,7,2844
35.588644,139.710413,K1-41.郷土博物館,4,7,10509
35.588644,139.710413,K1-41.郷土博物館,4,7,10509
35.70319,139.751888,E1-03.東京ドーム（黄色いビル横）,15,6,10229
35.680474,139.812316,H1-69.ファミリーマート 江東石島店,4,4,10412
35.56694,139.716331,K1-15.セブン‐イレブン 大田区西蒲田店,1,7,10333
35.69465,139.695911,D6-15.住友不動産西新宿ビル,11,5,10298
35.719345,139.736198,E3-02.教育の森公園,17,6,10240
35.669267,139.756018,C1-55.アーバンネット内幸町ビル,16,3,10837
35.667892,139.8311,H1-49.セブン-イレブン 江東新砂３丁目店,26,4,10272
35.658703,139.817251,H1-58.潮見駅,18,4,10301
35.672361,139.829825,H1-56.南砂三丁目緑地公園西,9,4,10299
35.72707,139.746112,E4-01.千石南自転車駐車場,23,6,10242
35.705111,139.725528,D3-17.セジョリ早稲田,4,5,2869
35.559483,139.724273,K1-04.京急蒲田駅東口,10,7,10288
35.646581,139.710613,M2-03.サイカパーク恵比寿,23,8,10379
35.506142,139.701005,Z10.ローソン川崎浅田三丁目店,8,11,10699
35.671823,139.708158,M4-06.THE SHARE 原宿,5,8,10611
35.64508,139.826456,H1-57.新木場駅,19,4,10300
35.649032,139.750147,C1-35.セブン-イレブン 三田駅北店,2,3,10353
35.687126,139.680702,M6-04.本町東べんてん橋公園,0,8,10396
35.562368,139.730143,K1-08.セブン‐イレブン 大田区東蒲田キネマ通り店,10,7,10310
35.655522,139.797354,H1-232.豊洲センタービルアネックス,34,4,3769
35.576593,139.706597,K1-03.池上会館,2,7,10287
35.557074,139.74575,K1-24.東糀谷防災公園,15,7,10401
35.729666,139.739256,E4-12.文京宮下公園,6,6,10566
35.690605,139.792985,H1-223.グラン森下イーストレジデンス,5,4,3360
35.65519,139.718559,M2-05.日本赤十字医療センター,11,8,10381
35.645537,139.754899,C5-19.グランドメゾン田町,8,3,10321
35.649823,139.700139,M3-03.代官山 T-SITE,9,8,10384
35.651103,139.759092,C5-17.鈴与浜松町ビル,10,3,10305
35.574785,139.730762,K1-26.大森諏訪公園,3,7,10403
35.722202,139.691712,D7-02.セブン-イレブン 新宿中落合3丁目店,22,5,10307
35.640481,139.753659,C5-14.セブン-イレブン 港区汐彩橋店,1,3,10220
35.653608,139.73138,C2-14.元麻布ヒルズ,3,3,10356
35.689529,139.695995,D6-14.新宿ファーストウエスト,14,5,10297
35.640228,139.804267,H1-64.ローソン東雲駅前店,7,4,10343
35.727279,139.74627,E4-07.ファミリーマート 本駒込二丁目店,0,6,10318
35.681754,139.715256,D1-06.四谷第六小学校北,7,5,10336
35.695515,139.750213,A1-12.北の丸スクエア,9,1,10265
35.709712,139.601846,O2-03.西荻北5-8-17,5,14,1751
35.626267,139.771438,C5-31.ヒルトン東京お台場,2,3,10865
35.707388,139.700204,D5-04.西戸山公園野球場,6,5,10283
35.669285,139.597931,L1-05.NTT烏山ビル,2,17,1667
35.736076,139.599676,T2-05.石神井図書館,3,9,10368
35.578239,139.723262,K1-14.大森地域庁舎,3,7,10332
35.634529,139.748378,C5-18.パークタワー品川ベイワード,15,3,10319
35.748957,139.621385,T2-06.総合体育館,3,9,10369
35.687509,139.803899,H1-233.N’sパークレジデンス森下,10,4,3792
35.759164,139.629466,T1-01.光が丘駅前広場,11,9,10358
35.664367,139.737185,C2-15.住友不動産六本木グランドタワー,10,3,10357
35.642399,139.746992,C5-21.セブン-イレブン 芝浦3丁目店,4,3,10355
35.621396,139.706049,I1-124.東急武蔵小山駅東口駐輪場,25,10,3541
35.679678,139.844892,H1-60.荒川・砂町庭球場西,7,4,10309
35.70057,139.74301,D2-06.飯田濠,14,5,10304
35.760585,139.626284,T1-03.四季の香公園,5,9,10360
35.724707,139.750469,E4-04.セブン-イレブン 文京本駒込１丁目店,5,6,10273
35.683343,139.812161,H1-62.扇橋一丁目公園南,2,4,10312
35.715894,139.698578,D7-01.下落合図書館,15,5,10274
35.626704,139.742174,C5-16.品川インターシティ,52,3,10269
35.683695,139.780043,B1-16.小網町児童遊園,2,2,10316
35.762326,139.635226,T1-06.秋の陽公園,5,9,10363
35.774457,139.596182,T2-79.大泉学園町八丁目緑地,6,9,1812
35.648281,139.786112,H1-61.Brilliaランニングスタジアムマギーズ東京前,37,4,10311
35.702288,139.68862,D5-03.北新宿公園,7,5,10282
35.576914,139.742281,K1-01.大森海苔のふるさと館,14,7,10285
35.65637,139.811765,H1-63.東京スイソミル,2,4,10317
35.705244,139.70841,D5-01.新宿コズミックセンター,8,5,10225
35.731791,139.588844,T2-74.扇橋公園,4,9,1752
35.637366,139.74844,C5-08.AQUACITY芝浦,10,3,10155
35.638245,139.749754,C5-13.区立芝浦西運河沿緑地,10,3,10203
35.670364,139.744684,C3-10.ファミリーマート特許庁前店,6,3,10165
35.695176,139.772832,A3-21.神田ふれあい通り第３,1,1,10172
35.632842,139.7495,C5-07.港区立港南図書館,2,3,10150
35.67214,139.8166,H1-31.江東区役所（南側）,5,4,10076
35.676566,139.737083,C3-11.赤坂見附南,11,3,10195
35.655135,139.744449,C2-24.Dash Living HigashiAzabu,6,3,548
35.647618,139.792152,H1-29.スカイズタワー＆ガーデン,2,4,10147
35.660614,139.734771,C2-09.麻布地区総合支所,2,3,10204
35.680833,139.784267,B1-10.箱崎川第二公園,5,2,10137
35.651046,139.727745,C2-05.ありすいきいきプラザ,7,3,10132
35.67338,139.8164,H1-30.江東区役所（北側）,1,4,10074
35.67391,139.796165,H1-34.門前仲町駅,41,4,10167
35.649959,139.756068,C5-10.シーバンス,1,3,10166
35.70311,139.754951,E1-02.東京ドーム（ミーツポート）,17,6,10228
35.630063,139.792209,H1-28.有明客船ターミナル,13,4,10122
35.675639,139.815255,H1-43.東京イースト21,28,4,10215
35.661673,139.721118,C2-08.ファミリーマート西麻布霞町店,1,3,10124
35.684158,139.787649,B1-11.浜町川緑道,41,2,10139
35.664591,139.813954,H1-32.区営塩浜住宅前,2,4,10115
35.690838,139.711364,D1-01.花園西公園,5,5,10178
35.66789,139.803,H1-33.深川ギャザリア（ウエストスクエア）,7,4,10116
35.725538,139.76116,E5-03.汐見地域活動センター（本郷図書館）,4,6,10246
35.702286,139.741093,D2-01.あずさセンタービル,18,5,10217
35.664265,139.767426,B3-04.築地市場駅地下駐輪場,0,2,10161
35.645823,139.812178,H1-39.辰巳駅東口自転車駐車場,31,4,10207
35.694904,139.772712,A3-19.神田ふれあい通り第１,3,1,10170
35.682516,139.736494,A6-10.紀尾井町ビル（西側）,2,1,10126
35.659442,139.745549,C1-16.機械振興会館,11,3,10089
35.670855,139.772052,B3-01.中央区役所,5,2,10045
35.528868,139.737762,Z11.ファミリーマートＭＧ川崎昭和店,7,11,10715
35.619234,139.774485,H1-26.青海客船ターミナル,27,4,10120
35.619234,139.774485,H1-26.青海客船ターミナル,27,4,10120
35.648637,139.749834,C1-23.三田いきいきプラザ,10,3,10145
35.691069,139.775376,A3-16.地蔵橋東児童遊園,8,1,10141
35.67224,139.779348,B2-01.鉄砲洲児童公園（西側）,4,2,10053
35.657363,139.75918,C1-21.汐留ビルディング,10,3,10140
35.681012,139.778569,B2-08.共同ビル（茅場町交差点前）,12,2,10067
35.680864,139.779331,B2-07.東京証券会館（北側）,14,2,10066
35.624467,139.781305,H1-27.パレットタウン乗船場,10,4,10121
35.733416,139.614388,T2-92.地区宅便 城西支店,7,9,2684
35.69703,139.779928,A3-18.美倉橋北児童遊園,2,1,10143
35.673923,139.778671,B2-03.男女平等センター（ブーケ21）,4,2,10055
35.682902,139.736494,A6-09.紀尾井町ビル（北側）,6,1,10125
35.685966,139.736328,A6-07.二番町センタービル,4,1,10043
35.685489,139.734562,A6-08.二番町ガーデン,3,1,10044
35.687624,139.777125,B1-06.伊場仙ビル,2,2,10052
35.638571,139.78829,H1-76.有明物流センター,27,4,10512
35.641992,139.701588,J1-07.目黒川船入場,13,12,10690
35.662796,139.626795,L1-18.上北沢1丁目,30,17,2268
35.62974,139.778178,C5-36.お台場海浜公園駅,17,3,10100
35.66616,139.70458,M4-13.J-cube,3,8,629
35.691058,139.777915,B1-01.十思公園,8,2,10047
35.61813,139.778698,H1-11.テレコムセンター駅,32,4,10102
35.584086,139.67898,K1-99.東原くすのき公園,8,7,198
35.642047,139.82548,H1-235.三井リンクラボ新木場3,10,4,3788
35.652376,139.797724,H1-35.ヒューリック豊洲プライムスクエア,29,4,10174
35.64704,139.80469,H1-17.東雲水辺公園,1,4,10108
35.703735,139.770629,A3-11.練成公園,7,1,10022
35.65838,139.59231,L1-16.上祖師谷7丁目,14,17,2253
35.667107,139.739565,C2-01.アークヒルズ（アーク森ビル）,27,3,10080
35.655367,139.738075,C2-26.一の橋公園,5,3,1721
35.700772,139.66063,O5-09.AppCruise中野,1,14,2255
35.696942,139.767302,A3-07.淡路公園,5,1,10035
35.646041,139.804495,H1-21.UR東雲キャナルコート,1,4,10112
35.700568,139.76013,A2-08.KDX御茶ノ水ビル,11,1,10034
35.687031,139.739327,A6-02.いきいきプラザ一番町（西側駐輪場）,6,1,10027
35.701978,139.7698,A3-10.芳林公園（北側）,13,1,10021
35.727519,139.742815,E4-11.プライマル千石,11,6,10536
35.654067,139.792376,H1-13.アーバンドック ららぽーと豊洲,17,4,10104
35.653603,139.80144,H1-19.UR豊洲四丁目団地,20,4,10110
35.662197,139.782719,B4-02.月島特別出張所,5,2,10046
35.626388,139.772453,C5-37.台場駅,21,3,10106
35.701073,139.747525,A1-03.東京区政会館（メトロA5出口）,11,1,10003
35.594795,139.704951,K1-44.中馬込貝塚公園,7,7,10520
35.698591,139.755113,A2-02.西神田公園（北側）,8,1,10009
35.573926,139.720468,K1-171.南部駐車場,4,7,3557
35.666357,139.73923,C2-03.アークヒルズサウスタワー,32,3,10081
35.640736,139.804331,H1-03.東雲駅,22,4,10094
35.662051,139.748132,C1-09.愛宕グリーンヒルズ,40,3,10077
35.710958,139.731165,E2-02.江戸川公園,18,6,10235
35.699273,139.842912,H1-213.亀戸九丁目住宅,21,4,2962
35.630185,139.786618,H1-06.武蔵野大学,14,4,10097
35.628955,139.750731,C5-02.港南緑水公園,2,3,10079
35.70111,139.772855,A3-12.秋葉原UDX北側駐輪場前,21,1,10032
35.529519,139.704845,Z17.NTT川崎ビル,8,11,10774
35.651833,139.79962,H1-193.ライフ豊洲店,14,4,1838
35.59336,139.715879,K1-149.トヨタモビリティ東京 大田店,6,7,1995
35.703747,139.786556,F1-06.ミルーナヒルズ蔵前グロース,5,18,3030
35.716586,139.727705,E2-10.音羽パークロード（北入口）,10,6,10526
35.647831,139.739048,C1-82.トヨタモビリティ東京 港三田店,4,3,1996
35.710381,139.732137,E2-01.江戸川橋Ｂ自転車駐車場,76,6,10234
35.714338,139.746346,E1-16.小石川3丁目緑地,20,6,10784
35.695059,139.812046,G5-07.パレステュディオDimt錦糸町,2,15,2918
35.524976,139.697495,Z23.NA川崎南町,0,11,1583
35.636269,139.709073,J1-34.田道広場公園,8,12,11032
35.645726,139.784496,H1-155.メブクス豊洲,23,4,435
35.540589,139.752918,Z20.川崎キングスカイフロント 東急 REI ホテル,16,11,10858
35.71634,139.672198,N3-22.新井薬師北自転車駐輪場,4,13,3706
35.63403,139.784319,H1-70.有明スポーツセンター,25,4,10434
35.685385,139.790221,B1-30.菱和パレス日本橋浜町,1,2,3373
35.692927,139.686633,D6-33.パークタワー西新宿,7,5,3790
35.697521,139.813216,G5-06.錦糸町駅北口地下自転車駐車場,0,15,2815
35.61847,139.70019,J1-47.本町みなみ街かど公園,18,12,613
35.72617,139.803075,F3-04.デラモット浅草エスト,9,18,2437
35.540579,139.754506,K1-121.東京広域ポート（川崎LiSE）,13,7,643
35.62926,139.757314,C5-57.FORECAST品川LABO,20,3,3786
35.581347,139.662265,K1-122.東急新丸子駅駐輪場,6,7,644
35.525854,139.717848,Z24.総合川崎臨港病院,2,11,2196
35.7547,139.601497,T2-85.泉新公園,4,9,2174
35.666075,139.748008,C1-50.NTT虎ノ門ビル,29,3,10671
35.571478,139.702779,K1-46.池上駅前自転車駐車場,12,7,10533
35.720261,139.792374,F4-03.ルクシェール浅草,5,18,2586
35.69217,139.84357,H1-221.宇井ビル,4,4,3375
35.68765,139.79622,H1-222.遠萬ビル,5,4,3374
35.745607,139.573947,T2-87.南大泉四丁目児童遊園,4,9,2175
35.594501,139.701404,K1-157.稲荷坂児童公園,3,7,2828
35.746956,139.600798,T2-86.石神井町八丁目緑地,3,9,2176
35.7211,139.574669,T2-71.わかば児童公園,6,9,1732
35.755106,139.621675,T1-02.ホテルカデンツァ東京,19,9,10359
35.66291,139.782564,B4-06.月島駅地下駐輪場,11,2,10157
35.670308,139.743242,C3-17.セブン-イレブン 港区溜池山王店,53,3,10375
35.742755,139.568335,T2-89.南大泉三丁目児童遊園,3,9,2178
35.663681,139.785651,B4-21.月島駅前第一駐輪場,22,2,10978
35.668945,139.806387,H1-211.フェイストーキョー,2,4,2897
35.663579,139.687435,M5-20.富ヶ谷214,17,8,2868
35.68591,139.68483,D6-32.AXAS初台,14,5,3709
35.57761,139.70014,K1-153.アロー池上店,9,7,2583
35.573902,139.720631,K1-172.南部中央ハイツ,4,7,3558
35.522866,139.730191,Z25.ローソン池上新町店,4,11,3890
35.704188,139.731964,D2-18.AXAS神楽坂Sta.,3,5,3710
35.562324,139.690486,K1-22.矢口特別出張所,6,7,10399
35.674468,139.741328,A5-06.APA HOTEL PRIDE 赤坂国会議事堂前,3,1,10758
35.603422,139.742498,I1-105.ステージ品川,10,10,2581
35.750414,139.600011,T2-13.セブン-イレブン 練馬石神井町8丁目店,2,9,10435
35.555286,139.729097,K1-161.セブン-イレブン大田区西糀谷4丁目店,4,7,2913
35.68268,139.8353,H1-194.セブン-イレブン江東北砂5丁目店,15,4,1844
35.68509,139.671102,N4-07.南台2丁目,17,13,1874
35.693021,139.740317,A1-20.菱和パレス九段,1,1,2402
35.654289,139.75557,C1-80.浜松町262ビル,9,3,1758
35.673486,139.598919,L1-20.シャンブル北烏山,11,17,2582
35.643105,139.753039,C5-44.ブランズタワー芝浦,3,3,519
35.549465,139.711157,K1-151.PATH仲六郷,10,7,2209
35.666461,139.717474,C3-04.青南いきいきプラザ,1,3,10129
35.58768,139.734515,I1-88.セブン-イレブン品川南大井3丁目店,1,10,10993
35.690902,139.796874,G4-21.長尾ビル,4,15,3189
35.690602,139.766916,A3-47.ホテルヴィラフォンテーヌ東京大手町,22,1,2401
35.61815,139.7308,I1-123.エステムプラザ品川大崎駅前レジデンシャル,6,10,3559
35.641631,139.74671,C5-53.suito芝浦,13,3,2763
35.645254,139.754765,C5-20.ローソン芝浦二丁目店,4,3,10330
35.594544,139.760423,I1-38.ローソン 八潮三丁目店,88,10,10623
35.705311,139.814178,G5-04.コスモ錦糸町,4,15,2589
35.616836,139.674072,J1-60.中根1丁目浜野プランニング,7,12,2643
35.718607,139.613731,O1-05.今川一丁目公園,2,14,3938
35.651803,139.749834,C1-83.友愛会館,3,3,2645
35.649507,139.735269,C2-30.セジョリ南麻布,1,3,2790
35.657866,139.751068,C1-17.港区役所,6,3,10075
35.689055,139.795204,H1-209.飯塚 新大橋3丁目,2,4,2588
35.647704,139.693671,J1-59.第44興和ビル,3,12,1630
35.598674,139.722279,I1-106.J.GRAN Court 品川西大井 WEST,5,10,2584
35.57838,139.70098,K1-154.大田池上病院,3,7,2641
35.752383,139.594855,T2-03.リヴィンオズ大泉店,10,9,10366
35.666001,139.778102,B3-16.明石町区民館,19,2,10952
35.665221,139.754265,C1-84.新虎安田ビル,15,3,2590
35.600672,139.745674,I1-118.ブランズシティ品川勝島,24,10,2914
35.564161,139.695187,K1-124.矢口2丁目,10,7,652
35.697642,139.774867,A3-04.秋葉原公園,12,1,10016
35.643606,139.713099,M2-02.アメリカ橋公園,32,8,10378
35.71171,139.821291,G2-08.墨田区押上SKハイツ,7,15,2682
35.579488,139.720829,K1-40.大田文化の森,7,7,10508
35.712431,139.715418,D3-03.甘泉園公園,3,5,10280
35.603083,139.75229,I1-112.八潮5丁目 4,8,10,2776
35.694532,139.760695,A2-12.神保町三井ビルディング,19,1,10042
35.708596,139.758269,E5-26.本郷4丁目,1,6,10908
35.738257,139.673554,T3-33.江古田駅北公園,1,9,2750
35.686521,139.685017,M6-18.セブン-イレブン渋谷本町3丁目店,6,8,2279
35.658135,139.776131,B4-07.勝どき駅地下駐輪場,65,2,10162
35.690311,139.62178,O4-07.ローソン杉並成田西三丁目店,6,14,1813
35.562418,139.687586,K1-156.下丸子多摩川公園,23,7,2826
35.629284,139.690878,J1-62.目黒区中央町１丁目,14,12,2745
35.617422,139.664456,J1-28.宮前公園,2,12,10889
35.604708,139.754295,I1-109.八潮5丁目 1,4,10,2773
35.659829,139.793243,H1-81.豊洲IHIビル（北側）,20,4,10558
35.69942,139.673964,N3-18.藤和シティコープ新中野3,5,13,1169
35.668757,139.790156,H1-96.越中島公園,10,4,10704
35.707753,139.831553,G4-17.立花4-23-4,6,15,2791
35.652913,139.644825,L1-10.宮坂2-4-10,12,17,1672
35.600081,139.728193,I1-72.セブン-イレブン大井店,18,10,10893
35.73166,139.748625,E4-03.昭和小学校北側（不忍通り）,30,6,10250
35.636644,139.751798,C5-34.五色橋ビル,7,3,10920
35.667677,139.823552,H1-176.Nodex東陽町,14,4,1309
35.698507,139.806219,G4-19.レガスタ錦糸町,4,15,2899
35.718881,139.824909,G1-03.プロスタイルウェルス押上ノースアイル,4,15,2870
35.654958,139.795718,H1-51.豊洲交通広場　東,49,4,10276
35.65072,139.75469,C1-87.エステムプラザ芝公園2,4,3,3561
35.638498,139.785175,H1-224.ライブドアアーバンスポーツパーク西,9,4,3401
35.683448,139.728425,D1-04.四谷見附公園,15,5,10181
35.675843,139.763329,A4-03.東京国際フォーラム（メトロD5出口）,6,1,10024
35.667069,139.713423,C3-35.ワールド北青山ビル,16,3,1525
35.693029,139.711327,D6-11.ホテルリステル新宿,2,5,10201
35.657477,139.796629,H1-16.豊洲三丁目公園,53,4,10107
35.586665,139.728134,K1-167.Luz大森2,2,7,3563
35.699132,139.74462,A1-08.飯田橋サクラテラス（早稲田通り）,25,1,10036
35.656565,139.775073,B4-11.ダンスキューブ勝どき,14,2,10339
35.660659,139.756358,C1-85.富士ソフト汐留ビル,6,3,2746
35.661158,139.728533,C2-02.六本木ヒルズ,27,3,10082
35.708238,139.815286,G2-14.ノースリバースカイ,4,15,3480
35.63851,139.823534,H1-153.三井リンクラボ新木場1,17,4,206
35.65083,139.7547,C1-86.エステムプラザ芝公園1,1,3,3560
35.573137,139.733012,K1-186.コスモリード大森西,10,7,3939
35.640311,139.788022,H1-225.ライブドアアーバンスポーツパーク東,6,4,3402
35.563092,139.693548,K1-16.ファミリーマート 矢口二丁目店,6,7,10334
35.555702,139.740802,K1-105.東糀谷二丁目児童公園,4,7,234
35.67942,139.77004,B2-21.八重洲二丁目北地区広場,22,2,1750
35.72738,139.799512,F3-07.日本堤1丁目駐輪場,3,18,2995
35.683332,139.608235,O6-02.富士見ヶ丘南自転車駐車場,5,14,602
35.6866,139.70014,M5-17.小田急サザンタワー,8,8,461
35.707552,139.727834,D3-18.ヴォーガコルテ早稲田弐番館,4,5,2996
35.745925,139.625016,T2-94.石神井川（富士見台4-21）,3,9,2965
35.725773,139.790372,F4-04.クレイシア入谷竜泉,4,18,3031
35.745172,139.620758,T2-95.石神井川（富士見台4-45）,6,9,2966
35.600707,139.703216,K1-43.北馬込わくわく公園,0,7,10511
35.545459,139.719489,K1-64.多摩川グリーンスクエア,10,7,10676
35.684641,139.844243,H1-77.ライフ東砂店,12,4,10535
35.561499,139.71123,K1-82.西蒲田公園（駐輪場入口横）,13,7,10930
35.724286,139.730954,E3-03.大塚公園,20,6,10241
35.618661,139.71857,I1-122.エルフォルテ 五反田,3,10,3359
35.679067,139.834364,H1-220.モノボックス北砂,3,4,3403
35.565685,139.736195,K1-115.旧呑川緑地（大森中三丁目）,9,7,302
35.650627,139.687228,J1-51.池尻大橋駅東口駐輪場,3,12,669
35.605617,139.73472,I1-03.大井町駅中央口（西側）,40,10,10416
35.7143,139.75133,E1-13.エルアージュ小石川,3,6,10497
35.7143,139.75133,E1-13.エルアージュ小石川,3,6,10497
35.654726,139.737491,C2-11.一の橋,30,3,10219
35.606728,139.69351,K1-163.大田区北千束2丁目,30,7,3048
35.70223,139.82654,H1-216.EC KAMEIDO TOKYO EAST3,2,4,3018
35.563415,139.735293,K1-162.セブン-イレブン 大田区北糀谷1丁目店,4,7,2991
35.661158,139.740036,C2-32.麻布台ヒルズ,11,3,3029
35.605146,139.734694,I1-04.大井町歩道橋,10,10,10417
35.618357,139.626191,L1-06.NTT瀬田ビル,8,17,1668
35.70207,139.82654,H1-214.EC KAMEIDO TOKYO EAST1,1,4,2997
35.543327,139.703223,K1-152.アットホームスクエア前,12,7,2239
35.6431,139.618534,L1-26.千蔵,0,17,3051
35.677175,139.676769,M6-01.幡ヶ谷駅高架下第一,34,8,10393
35.594515,139.691219,K1-103.雪谷特別出張所,5,7,232
35.585178,139.726339,K1-76.グリーンベルト,0,7,10849
35.700486,139.774254,A3-13.富士ソフトビル（駐車場入口横）,20,1,10037
35.701454,139.650518,O5-05.モンテ・ベルテ,2,14,871
35.744891,139.631352,T3-37.石神井川（貫井5-25）,6,9,2964
35.69562,139.79206,G4-02.両国ビューホテル2,6,15,917
35.657526,139.704367,M3-06.渋谷第一生命ビル,2,8,10492
35.66305,139.8087,H1-112.ファミリーマート江東塩浜二丁目店,30,4,10746
35.670674,139.775993,B2-05.ＮＴＴ東日本築地ビル,3,2,10057
35.71408,139.810588,G2-06.ディアレイシャス押上スカイヴィレッジ,5,15,1730
35.771708,139.583551,T2-57.大泉公園（第二）,6,9,1134
35.632735,139.683899,J1-46.五本木西みどり街かど公園,1,12,612
35.611368,139.720424,I1-60.文庫の森第二,10,10,10783
35.70214,139.78034,F1-07.LEXE秋葉原EAST,5,18,3672
35.708291,139.753335,E1-05.春日地下自転車駐車場,13,6,10231
35.608624,139.73715,I1-129.メイプルコート南品川,5,10,3970
35.645162,139.785386,H1-128.豊洲市場（5街区）,64,4,10898
35.612357,139.721484,I1-59.文庫の森第一,12,10,10782
35.65554,139.77102,B4-22.リビオレゾン勝どきNEX,30,2,161
35.659287,139.807358,H1-46.セブン-イレブン 江東枝川2丁目店,0,4,10264
35.566751,139.745821,K1-173.大森東特別出張所,4,7,3538
35.626169,139.78065,H1-230.シティサーキット東京ベイ北,17,4,3579
35.744312,139.62017,T2-100.クレール ロジュマン,21,9,3582
35.671282,139.675307,M5-03.代々木大山公園,14,8,10392
35.60838,139.726587,I1-101.下神明駅前,29,10,1757
35.631192,139.79401,H1-18.東京ビッグサイト,19,4,10109
35.718997,139.816325,G2-15.メイクスデザイン東向島,0,15,3564
35.577433,139.680752,K1-98.鵜の木松山公園,7,7,197
35.65928,139.744767,C1-15.東京タワー,16,3,10087
35.550479,139.739538,K1-110.萩中集会所裏,2,7,272
35.65718,139.698687,M3-11.渋谷道玄坂東急ビル,7,8,10723
35.688132,139.714969,D1-17.クラッシィタワー新宿御苑,5,5,3971
35.689984,139.725261,D1-08.新宿歴史博物館,4,5,10514
35.61543,139.707114,I1-128.スクエア荏原,4,10,3954
35.567922,139.746181,K1-30.テクノFRONT森ケ崎,28,7,10451
35.668044,139.785801,B4-19.コーシャタワー佃,14,2,10934
35.643137,139.588347,L1-29.野川緑地広場,10,17,3581
35.632148,139.79017,H1-05.相鉄グランドフレッサ 東京ベイ有明,20,4,10096
35.60913,139.632484,L1-30.二子玉川公園,7,17,3625
35.62531,139.78119,H1-231.シティサーキット東京ベイ南,7,4,3580
35.646375,139.740061,C4-09.ケーヨーデイツー三田店,5,3,10947
35.713026,139.788338,F2-06.レガスタ浅草,5,18,3628
35.717357,139.757817,E4-02.向丘地域活動センター,9,6,10243
35.698068,139.682781,N3-05.中野坂上駅地下駐輪場,19,13,10963
35.748153,139.58765,T2-10.勤労福祉会館,3,9,10373
35.709903,139.694729,D3-19.AXAS高田馬場,3,5,3626
35.614687,139.71279,I1-125.ひらさん広場,5,10,3878
35.676603,139.829736,H1-121.南砂5丁目,16,4,10848
35.700052,139.673715,N3-13.中部すこやか福祉センター,5,13,647
35.676475,139.804741,H1-41.深川北スポーツセンター,0,4,10212
35.57229,139.70498,K1-182.AXAS池上Sta．,7,7,3877
35.66646,139.752138,C1-78.CIRCLES新橋,9,3,1385
35.716776,139.577975,T2-58.立野公園,4,9,1135
35.63894,139.66534,L1-34.ARKMARK三軒茶屋,7,17,3879
35.542079,139.70903,K1-176.六郷土手第２駐車場・第２バイク駐輪場,28,7,3703
35.657682,139.697165,M3-01.渋谷マークシティ,12,8,10382
35.739633,139.570457,T2-88.南大泉かたまち緑地,4,9,2179
35.640215,139.755971,C5-15.セブン-イレブン 港区芝浦ふ頭店,1,3,10221
35.584217,139.759232,K1-133.東京港野鳥公園,11,7,996
35.713223,139.721699,E2-07.肥後細川庭園,12,6,10505
35.667259,139.745643,C1-57.虎ノ門ツインビルディング,31,3,10868
35.681089,139.800777,H1-55.深川江戸資料館,38,4,10294
35.586015,139.752107,K1-159.臨海斎場,5,7,2896
35.561469,139.711465,K1-178.西蒲田公園（公園入口横）,11,7,3704
35.666349,139.741781,C3-36.第35興和ビル,4,3,2363
35.72104,139.818281,G2-10.すみだ生涯学習センター,3,15,2819
35.596733,139.73804,I1-66.南大井文化センター駐車場,0,10,10856
35.699885,139.749825,A1-21.東京しごとセンター,7,1,3603
35.670336,139.771911,B3-02.サンクンガーデン,0,2,10058
35.68023,139.834836,H1-207.砂銀ビル,7,4,2431
35.526238,139.72907,Z08.ファミリーマート観音二丁目店,7,11,10678
35.686847,139.765151,A4-02.東京サンケイビル,43,1,10033
35.671008,139.720904,C3-44.ユニマットパーキング南青山２丁目第３,1,3,7295
35.661922,139.720803,C2-36.ユニマットパーキング西麻布２丁目第１,10,3,7296
35.550474,139.744428,K1-266.セブン‐イレブン大田区羽田１丁目店,5,7,7298
35.679919,139.83364,H1-298.砂町銀座通り,6,4,7299
35.693074,139.810726,G5-11.リヴシティ錦糸町参番館,11,15,7309
35.696094,139.804844,G6-07.パラッツォ,2,15,7333
35.707317,139.793614,F1-09.蔵前ミハマビル,3,18,7334
35.69573,139.640888,O5-14.梅里中央公園,5,14,7335
35.608047,139.698859,I1-167.リパーク旗の台6丁目,30,10,7336
35.68968,139.773003,B1-44.日本橋室町四丁目,51,2,7337